faculty,funders,job_title,use_software,importance_software,develop_own_code,development_expertise,training,want_to_commercialise,ready_to_share,hpc_use,version_control,continuous_integration,unit_testing,current_support,hired_developer,funds_for_development,hire_full_time_developer,hire_rse
Social Sciences,ESRC,professor,No,1,No,,,,,,,,,,Yes,Yes,Suitable,Suitable
Social Sciences,AHRC;Lots of it isn't externally funded,Senior Lecturer in Quantitative Methods,Yes,5,No,,,,,,,,,,Yes,Yes,Unsuitable,Perfect
Social Sciences,ESRC;NERC;NIHR,Lecturer,Yes,5,No,,,,,,,,,,Yes,Yes,Suitable,Perfect
Social Sciences,ESRC,Senior Lecturer,Yes,5,Yes,4.0,No,Yes,No,"No, but I would like to use IRIDIS in the future",Very confident,Confident,Confident,3.0,Yes,No (but we DID expect to write software as part of the project),Suitable,Suitable
Social Sciences,ESRC;Leverhulme Trust/ British Academy,Senior Lecturer,Yes,3,No,,,,,,,,,,No,No (we did NOT expect to write software as part of the project),,
Social Sciences,"EPSRC;ESRC;EU, Commercial, Charity",Professor,Yes,5,No,,,,,,,,,,No,No (we did NOT expect to write software as part of the project),,
Social Sciences,ESRC,Senior Lecturer,Yes,5,No,,,,,,,,,,No,No (we did NOT expect to write software as part of the project),Unsuitable,Suitable
Social Sciences,ESRC,Research Associate,Yes,4,No,,,,,,,,,,No,No (I'm not involved in writing funding proposals),Unsuitable,Suitable
Social Sciences,ESRC,Innovation Fellow ,Yes,4,No,,,,,,,,,,No,No (we did NOT expect to write software as part of the project),,
Social Sciences,ESRC,UKRI Innovation Fellow,Yes,3,No,,,,,,,,,,No,No (we did NOT expect to write software as part of the project),,
Social Sciences,ESRC,Senior Lecturer,Yes,3,No,,,,,,,,,,No,Yes,Suitable,Unsuitable
Social Sciences,ESRC,Policy Research Associate,Yes,2,No,,,,,,,,,,No,No (we did NOT expect to write software as part of the project),Suitable,Suitable
Social Sciences,ESRC,Research Associate,Yes,4,No,,,,,,,,,,No,No (I'm not involved in writing funding proposals),,
Social Sciences,ESRC,Senior Lecturer in Quantitative Social Sciences,Yes,5,No,,,,,,,,,,No,No (we did NOT expect to write software as part of the project),Suitable,Unsuitable
Social Sciences,ESRC,Senior Research Fellow,Yes,4,No,,,,,,,,,,No,No (we did NOT expect to write software as part of the project),,
Social Sciences,EPSRC;ESRC;Leverhulme Trust,Research Associate,Yes,5,Yes,3.0,No,No,Not interested,"No, but I would like to use IRIDIS in the future",Confident,Not heard of it,Not heard of it,3.0,Yes,No (but we DID expect to write software as part of the project),Unsuitable,Suitable
Social Sciences,ESRC,ESRC Research Fellow,No,2,No,,,,,,,,,,No,No (we did NOT expect to write software as part of the project),Unsuitable,Unsuitable
Social Sciences,voluntary and statutory sector organisations,Senior Lecturer in Social Work,Yes,3,No,,,,,,,,,,No,No (but we DID expect to write software as part of the project),Unsuitable,Unsuitable
Social Sciences,AHRC,Research Fellow,No,3,No,,,,,,,,,,No,No (we did NOT expect to write software as part of the project),Suitable,Suitable
Social Sciences,"ESRC;British Academy, Leverhulme",Reader in Political Theory,No,1,No,,,,,,,,,,No,No (we did NOT expect to write software as part of the project),Unsuitable,Unsuitable
Social Sciences,,Lecturer,Yes,2,No,,,,,,,,,,No,No (I'm not involved in writing funding proposals),Unsuitable,Unsuitable
Social Sciences,ESRC,SL,No,2,No,,,,,,,,,,No,No (we did NOT expect to write software as part of the project),Unsuitable,Unsuitable
Social Sciences,Leverhulme Trust,Lecturer,Yes,5,Yes,3.0,No,Yes,No,"No, but I would like to use IRIDIS in the future",Not heard of it,Not heard of it,Not heard of it,1.0,No,No (but we DID expect to write software as part of the project),Unsuitable,Suitable
Social Sciences,ESRC,Lecturer in Criminology and Social Policy,No,2,No,,,,,,,,,,No,No (we did NOT expect to write software as part of the project),Unsuitable,Suitable
Social Sciences,British Academy,British Academy Postdoctoral Fellow,No,1,No,,,,,,,,,,No,No (we did NOT expect to write software as part of the project),,
Social Sciences,ESRC,research associate,Yes,4,No,,,,,,,,,,No,No (I'm not involved in writing funding proposals),,
Social Sciences,ESRC;Leverhulme Trust,Lecturer,Yes,3,No,,,,,,,,,,No,No (we did NOT expect to write software as part of the project),Unsuitable,Unsuitable
Social Sciences,ESRC,Postdoctoral Research Associate,Yes,5,No,,,,,,,,,,No,No (I'm not involved in writing funding proposals),Unsuitable,Unsuitable
Social Sciences,NERC,Senior Lecturer in Physical Geography,Yes,5,Yes,2.0,Yes,No,Not interested,"No, I use other HPC facilities",Not confident,Not heard of it,Not heard of it,4.0,No,Yes,,Perfect
Social Sciences,AHRC,Pos-doctoral fellow,Yes,3,No,,,,,,,,,,No,No (we did NOT expect to write software as part of the project),Unsuitable,Suitable
Social Sciences,"ESRC;MRC;NIHR;British Red Cross, FareShare",Sr. Lecturer,Yes,4,No,,,,,,,,,,No,No (we did NOT expect to write software as part of the project),Unsuitable,Perfect
Social Sciences,BBSRC;ESRC;Leverhulme,Research Fellow,Yes,3,No,,,,,,,,,,No,No (we did NOT expect to write software as part of the project),Unsuitable,Unsuitable
Social Sciences,EPSRC;NERC;Royal Society,Lecturer,Yes,5,Yes,3.0,No,No,Not interested,Sharc/Iceberg,Not confident,Not heard of it,Not heard of it,3.0,No,Yes,Unsuitable,Suitable
Social Sciences,NERC,Senior Lecturer,Yes,5,No,,,,,,,,,,No,Yes,Suitable,Perfect
Arts and Humanities,"AHRC;Wellcome Trust;British Academy, ERC",Professor East Asian Cinema.,Yes,3,No,,,,,,,,,,Yes,Yes,Suitable,Suitable
Arts and Humanities,,Lecturer in Korean Studies,Yes,5,No,,,,,,,,,,No,No (we did NOT expect to write software as part of the project),Unsuitable,Unsuitable
Arts and Humanities,Japanese organisations,Senior Lecturer,Yes,4,No,,,,,,,,,,No,No (we did NOT expect to write software as part of the project),Unsuitable,Unsuitable
Social Sciences,STFC,Research Assistant ,Yes,5,No,,,,,,,,,,No,No (we did NOT expect to write software as part of the project),Unsuitable,Suitable
Arts and Humanities,Daiwa Anglo-Japanese Foundation,PhD Candidate,Yes,4,No,,,,,,,,,,No,No (I'm not involved in writing funding proposals),,
Social Sciences,ESRC;MRC;NIHR;Wellcome Trust,Prof of Public health,Yes,4,No,,,,,,,,,,No,Yes,Unsuitable,Unsuitable
Science,BBSRC;EPSRC;MRC,Lecturer,Yes,5,No,,,,,,,,,,No,No (we did NOT expect to write software as part of the project),Unsuitable,Suitable
Science,EPSRC,Lecturer,Yes,5,Yes,3.0,No,No,Not interested,Yes,Very confident,Not confident,Not confident,3.0,Yes,Yes,Unsuitable,Perfect
Science,BBSRC,PGR Student,Yes,5,No,,,,,,,,,,No,No (I'm not involved in writing funding proposals),Suitable,Perfect
Science,BBSRC,Doctoral researcher,Yes,5,Yes,3.0,No,No,Not interested,"No, but I would like to use ShARC/Bessemer in the future",Not confident,Not confident,Not confident,3.0,No,No (I'm not involved in writing funding proposals),Unsuitable,Suitable
Science,EPSRC,Lecturer,Yes,5,Yes,2.0,No,No,Not interested,Yes,Confident,Not heard of it,Not confident,3.0,No,No (we did NOT expect to write software as part of the project),Unsuitable,Suitable
Science,EPSRC;STFC,Research Fellow,Yes,5,Yes,5.0,No,No,Not interested,"No, I use other HPC facilities",Very confident,Confident,Confident,1.0,Yes,Yes,Suitable,Suitable
Social Sciences,,LEcturer,Yes,5,No,,,,,,,,,,No,Yes,Unsuitable,Unsuitable
Arts and Humanities,,Lecturer,No,1,No,,,,,,,,,,No,No (we did NOT expect to write software as part of the project),,
Social Sciences,,Lecturer,Yes,4,No,,,,,,,,,,No,No (we did NOT expect to write software as part of the project),Suitable,Unsuitable
Social Sciences,Leverhulme,Professor ,Yes,5,No,,,,,,,,,,No,No (but we DID expect to write software as part of the project),Unsuitable,Suitable
Social Sciences,ESRC,Lecturer,Yes,5,No,,,,,,,,,,No,No (we did NOT expect to write software as part of the project),Unsuitable,Unsuitable
Social Sciences,ESRC;Health foundation; Leverhulme Trust,Professor,Yes,5,No,,,,,,,,,,No,No (we did NOT expect to write software as part of the project),Unsuitable,Unsuitable
Social Sciences,,Senior Lecturer ,Yes,5,No,,,,,,,,,,No,Yes,Unsuitable,Unsuitable
Social Sciences,ESRC,Lecturer,Yes,5,No,,,,,,,,,,No,No (we did NOT expect to write software as part of the project),,
Social Sciences,Government departments,Professor,Yes,5,No,,,,,,,,,,No,No (we did NOT expect to write software as part of the project),Unsuitable,Unsuitable
Social Sciences,MRC;NIHR;Wellcome Trust,Professor,Yes,5,No,,,,,,,,,,No,No (we did NOT expect to write software as part of the project),Unsuitable,Suitable
Science,ESRC;Wellcome Trust;Charity funding,Senior Lecturer in Psychology,Yes,5,Yes,1.0,Yes,No,No,"No, I do not require HPC in my research",Not heard of it,Not heard of it,Not heard of it,2.0,No,No (we did NOT expect to write software as part of the project),Unsuitable,Unsuitable
Social Sciences,ESRC;British Academy / Leverhulme,Senior Lecturer in Economics ,Yes,5,No,,,,,,,,,,No,No (we did NOT expect to write software as part of the project),Unsuitable,Suitable
Arts and Humanities,AHRC,Senior Lecturer in Human Osteology,Yes,4,No,,,,,,,,,,No,No (we did NOT expect to write software as part of the project),Suitable,Suitable
Arts and Humanities,,Senior Lecturer,No,1,No,,,,,,,,,,No,No (we did NOT expect to write software as part of the project),Unsuitable,Unsuitable
Arts and Humanities,"AHRC;AHRC would be my usual funder, but I have not received funds from them...",Senior Lecturer,Yes,3,No,,,,,,,,,,No,No (we did NOT expect to write software as part of the project),Unsuitable,Suitable
Arts and Humanities,,Senior Lecturer in ...,No,2,No,,,,,,,,,,No,No (we did NOT expect to write software as part of the project),Unsuitable,Unsuitable
Arts and Humanities,NEH,Honorary Research Fellow,No,1,No,,,,,,,,,,No,Yes,,Perfect
Arts and Humanities,AHRC,Professor of Electroacoustic Music Composition,Yes,5,Yes,4.0,Yes,No,No,"No, I do not require HPC in my research",Confident,Not heard of it,Not heard of it,5.0,No,No (but we DID expect to write software as part of the project),Unsuitable,Suitable
Arts and Humanities,none,Professor Emeritus,Yes,2,No,,,,,,,,,,Yes,Yes,Unsuitable,Suitable
Arts and Humanities,AHRC,University Teacher,No,1,No,,,,,,,,,,No,No (I'm not involved in writing funding proposals),Unsuitable,Unsuitable
Arts and Humanities,,Professor of Applied Linguistics,Yes,4,No,,,,,,,,,,No,No (we did NOT expect to write software as part of the project),Unsuitable,Unsuitable
Arts and Humanities,AHRC,Research Associate,Yes,5,No,,,,,,,,,,No,Yes,Unsuitable,Unsuitable
Arts and Humanities,AHRC;ESRC,Lecturer,Yes,2,No,,,,,,,,,,No,No (we did NOT expect to write software as part of the project),Unsuitable,Unsuitable
Arts and Humanities,AHRC;ESRC;(Currently funded by a specific bequest/trust. Previously AHRC + ESRC.),Research Associate,Yes,4,No,,,,,,,,,,Yes,Yes;No (I'm not involved in writing funding proposals),Unsuitable,Suitable
Arts and Humanities,EPSRC,PhD candidate,Yes,5,No,,,,,,,,,,No,No (I'm not involved in writing funding proposals),Unsuitable,Suitable
Arts and Humanities,AHRC,Senior Lecturer,Yes,3,No,,,,,,,,,,No,No (we did NOT expect to write software as part of the project),Suitable,Suitable
Social Sciences,ESRC;government departments,,Yes,4,No,,,,,,,,,,No,No (we did NOT expect to write software as part of the project),,Suitable
Science,STFC,Scientific Officer,Yes,5,Yes,4.0,No,Yes,Yes,Yes,Confident,Confident,Confident,2.0,Yes,Yes,Suitable,Suitable
Social Sciences,NERC,Research Fellow,Yes,5,Yes,2.0,No,No,No,Yes,Not confident,Not heard of it,Not heard of it,2.0,No,Yes,Suitable,Perfect
Science,EPSRC,Lecturer,Yes,5,No,,,,,,,,,,No,Yes,Unsuitable,Unsuitable
Social Sciences,"AHRC;ESRC;Newton Fund, GCRF ",Lecturer,No,1,No,,,,,,,,,,No,No (we did NOT expect to write software as part of the project),Unsuitable,Suitable
Arts and Humanities,AHRC,Senior Lecturer,No,1,No,,,,,,,,,,No,No (we did NOT expect to write software as part of the project),Unsuitable,Unsuitable
Arts and Humanities,AHRC,Research Fellow,Yes,5,Yes,1.0,No,No,Yes,Yes,Very confident,Not heard of it,Not heard of it,5.0,Yes,Yes,Unsuitable,Unsuitable
Social Sciences,"ESRC;EU, Leverhulme Trust",Research Fellow,Yes,4,No,,,,,,,,,,No,No (we did NOT expect to write software as part of the project),Unsuitable,Unsuitable
Science,Pathological society,Clinical PhD fellow ,Yes,5,No,,,,,,,,,,No,No (I'm not involved in writing funding proposals),Suitable,Suitable
Science,,Visiting Professor,Yes,5,Yes,3.0,No,No,Not interested,"No, but I would like to use ShARC/Bessemer in the future",Not confident,Not heard of it,Not confident,1.0,No,No (I'm not involved in writing funding proposals),,Suitable
Science,EPSRC;MRC;Wellcome Trust,Senior Lecturer,Yes,5,Yes,4.0,Yes,No,No,Yes,Very confident,Not confident,Confident,4.0,No,No (but we DID expect to write software as part of the project),Suitable,Perfect
Science,EPSRC;STFC,honorary research fellow,Yes,5,Yes,4.0,No,No,Not interested,"No, I do not require HPC in my research",Confident,Not heard of it,Not heard of it,3.0,Yes,Yes,Suitable,Unsuitable
Science,EPSRC;NERC;ERC,Senior Lecturer,Yes,5,Yes,4.0,No,No,Not interested,"No, but I would like to use ShARC/Bessemer in the future",Confident,Not heard of it,Not confident,3.0,Yes,No (but we DID expect to write software as part of the project),Unsuitable,Suitable
Arts and Humanities,AHRC;Leverhulme,Research fellow,Yes,4,No,,,,,,,,,,No,No (we did NOT expect to write software as part of the project),Unsuitable,Suitable
Science,NERC;Royal Society ,Postdoctoral researcher (co-investigator),Yes,5,Yes,2.0,Yes,No,Not interested,Yes,Not confident,Not confident,Not heard of it,2.0,No,No (but we DID expect to write software as part of the project),Unsuitable,Suitable
English Language Teaching Centre,None,Activities and Educational Visits Coordinator,No,1,No,,,,,,,,,,Yes,No (I'm not involved in writing funding proposals),Suitable,Unsuitable
Engineering,Sheffield Hospitals Charitable Trust,PDRA,Yes,5,No,,,,,,,,,,No,No (I'm not involved in writing funding proposals),Unsuitable,Suitable
"Medicine, Dentistry and Health",MRC;British Heart Foundation;Industry,Professor / BHF Senior Fellow,Yes,5,No,,,,,,,,,,No,No (we did NOT expect to write software as part of the project),Suitable,Perfect
"Medicine, Dentistry and Health",NIHR,Head of Data Management,Yes,5,Yes,3.0,Yes,No,Not interested,it's not suitable for risk-bearing data,Confident,Not confident,Confident,1.0,Yes,Yes,Perfect,Perfect
"Medicine, Dentistry and Health",ESRC;Wellcome Trust;Nuffield Foundation; Leverhulme,Senior Lecturer,Yes,5,No,,,,,,,,,,Yes,Yes,Unsuitable,Perfect
"Medicine, Dentistry and Health",NIHR;Public Health Scotland,Research Associate,Yes,5,No,,,,,,,,,,No,No (I'm not involved in writing funding proposals),Unsuitable,Suitable
"Medicine, Dentistry and Health",MRC;NIHR;Wellcome Trust,Professor of Public Health,Yes,5,Yes,4.0,No,No,No,Yes,Confident,Not heard of it,Not confident,3.0,No,No (but we DID expect to write software as part of the project),Unsuitable,Suitable
Science,BBSRC;MRC;Wellcome Trust,Postdoc,Yes,5,No,,,,,,,,,,No,No (I'm not involved in writing funding proposals),,Suitable
Science,BBSRC;MRC;Wellcome Trust;Royal society,Senior Research Fellow,Yes,5,No,,,,,,,,,,No,No (we did NOT expect to write software as part of the project),Unsuitable,Suitable
Engineering,EPSRC,Lecturer,Yes,5,Yes,4.0,Yes,Yes,No,Yes,Very confident,Not heard of it,Very confident,4.0,Yes,Yes;No (but we DID expect to write software as part of the project),Suitable,Perfect
Science,BBSRC;EPSRC;MRC;British Heart Foundation;Cancer Research UK;Wellcome Trust,Microscope Facility Manager,Yes,5,No,,,,,,,,,,No,No (we did NOT expect to write software as part of the project),Unsuitable,Perfect
Arts and Humanities,"AHRC;British Academy, Leverhulme Trust",Professor,Yes,5,No,,,,,,,,,,Yes,No (but we DID expect to write software as part of the project),Unsuitable,Suitable
Engineering,EPSRC,Research Associate,Yes,5,No,,,,,,,,,,No,No (I'm not involved in writing funding proposals),Unsuitable,Unsuitable
Social Sciences,EPSRC;ESRC;NERC;Commercial organisations,Lecturer in Management Accounting,Yes,3,No,,,,,,,,,,No,Yes,Unsuitable,Perfect
Engineering,EPSRC,PhD student,Yes,5,No,,,,,,,,,,Yes,No (I'm not involved in writing funding proposals),,
Science,BBSRC;University of Sheffield,PDRA,Yes,5,No,,,,,,,,,,No,No (we did NOT expect to write software as part of the project),Unsuitable,Unsuitable
Science,Almost nothing externally funded in a formal way other than by creating the data,Professor,Yes,5,Yes,3.0,No,No,Not interested,"No, but I would like to use ShARC/Bessemer in the future",Not confident,Not heard of it,Not confident,1.0,No,No (I'm not involved in writing funding proposals),Unsuitable,Unsuitable
Science,BBSRC;Leverhulme trust,Lecturer,Yes,5,No,,,,,,,,,,No,No (but we DID expect to write software as part of the project),Suitable,Perfect
Science,BBSRC;Wellcome Trust;Action on Hearing Loss,Professor of Sensory Neuroscience,Yes,5,No,,,,,,,,,,No,No (we did NOT expect to write software as part of the project),Unsuitable,Suitable
Science,"EPSRC;It's not directly funded, reserachers pay per sample from their grants",Experimental Officer,Yes,5,No,,,,,,,,,,No,No (I'm not involved in writing funding proposals),Unsuitable,Unsuitable
"Medicine, Dentistry and Health",Wellcome Trust,,Yes,4,No,,,,,,,,,,No,Yes,Suitable,Suitable
Science,Wellcome Trust,Research Associate,Yes,5,No,,,,,,,,,,No,No (I'm not involved in writing funding proposals),Unsuitable,Unsuitable
Science,BBSRC;MRC;Wellcome Trust,Professor,Yes,5,No,,,,,,,,,,No,No (we did NOT expect to write software as part of the project),Suitable,Perfect
"Print & Design Solutions, EFM",Not funded,Print Estimator,No,1,No,,,,,,,,,,No,No (we did NOT expect to write software as part of the project),Unsuitable,Unsuitable
Science,MRC,research fellow ,Yes,5,No,,,,,,,,,,No,No (we did NOT expect to write software as part of the project),Unsuitable,Suitable
Engineering,EPSRC,research associate,Yes,5,No,,,,,,,,,,No,No (I'm not involved in writing funding proposals),Suitable,Suitable
"Medicine, Dentistry and Health",Weston Park Cancer Charity,Research Associate in Thoracic Oncological MR Imaging,Yes,5,Yes,4.0,Yes,Yes,No,Yes,Confident,Not heard of it,Confident,4.0,No,No (I'm not involved in writing funding proposals),Suitable,Suitable
"Medicine, Dentistry and Health",BBSRC;MRC;Wellcome Trust;Royal Society,Research Fellow,Yes,5,Yes,3.0,No,No,Not interested,"No, but I would like to use ShARC/Bessemer in the future",Confident,Not confident,Not confident,4.0,No,No (but we DID expect to write software as part of the project),Unsuitable,Suitable
Science,BBSRC;EPSRC;Wellcome Trust,Lecturer,Yes,5,Yes,3.0,No,No,Not interested,"I tried but couldn't figure out how to use it, then I was advised it's probably faster just to use my own laptop rather than waiting for the queue on hpc",Confident,Not heard of it,Not heard of it,4.0,No,No (we did NOT expect to write software as part of the project),Unsuitable,Suitable
Engineering,Conacyt Mexico,PhD Student,Yes,5,No,,,,,,,,,,No,No (I'm not involved in writing funding proposals),Unsuitable,Unsuitable
Engineering,EPSRC;ERC,Professor,Yes,4,Yes,5.0,Yes,Yes,Yes,Yes,Very confident,Very confident,Very confident,3.0,No,No (but we DID expect to write software as part of the project),Unsuitable,Suitable
"Medicine, Dentistry and Health",EPSRC,PhD Student,Yes,5,No,,,,,,,,,,Yes,No (I'm not involved in writing funding proposals),Unsuitable,Suitable
Science,Cancer Research UK,Lecturer,Yes,5,No,,,,,,,,,,No,No (we did NOT expect to write software as part of the project),Unsuitable,Suitable
Science,EPSRC,PhD Student,Yes,5,Yes,3.0,No,Yes,No,Yes,Not confident,Not heard of it,Not confident,1.0,No,No (I'm not involved in writing funding proposals),Unsuitable,Unsuitable
Engineering,INSIGNEO,PhD Student,Yes,5,No,,,,,,,,,,No,No (I'm not involved in writing funding proposals),Unsuitable,Unsuitable
Department of Biomedical Science ,,Postdoctoral Researcher ,Yes,5,No,,,,,,,,,,No,No (I'm not involved in writing funding proposals),Suitable,Suitable
NAMRC,Innovate UK,Industrial adviser,No,2,No,,,,,,,,,,Yes,No (I'm not involved in writing funding proposals),Perfect,Suitable
Science,BBSRC;Wellcome Trust,Research Fellow,Yes,5,Yes,1.0,No,No,No,"No, I do not require HPC in my research",Not confident,Not heard of it,Not heard of it,1.0,Yes,No (we did NOT expect to write software as part of the project),Unsuitable,Suitable
Science,BBSRC,Senior Lecturer,Yes,5,No,,,,,,,,,,No,No (we did NOT expect to write software as part of the project),,
IT Services Research IT Support,,Statistical Support Advisor,Yes,5,No,,,,,,,,,,No,No (we did NOT expect to write software as part of the project),Suitable,Suitable
"Medicine, Dentistry and Health",EPSRC;MRC;NIHR;British Heart Foundation;Wellcome Trust,Research Associate - Software Development,Yes,5,Yes,5.0,Yes,Yes,Yes,"No, I do not require HPC in my research",Confident,Not confident,Not confident,5.0,No,Yes,Suitable,Unsuitable
Social Sciences,University of Sheffield,Doctoral Associate in Accounting & Finance,Yes,5,No,,,,,,,,,,No,No (we did NOT expect to write software as part of the project),Unsuitable,Unsuitable
"Medicine, Dentistry and Health",Various charities,Professor of Orthodontics,No,2,No,,,,,,,,,,No,Yes,Unsuitable,Suitable
"Medicine, Dentistry and Health",NIHR;Glaxosmithkline,Professor,Yes,4,No,,,,,,,,,,No,No (we did NOT expect to write software as part of the project),,Perfect
Science,BBSRC,Research Technician,Yes,5,No,,,,,,,,,,No,No (I'm not involved in writing funding proposals),Unsuitable,Suitable
Social Sciences,AHRC;ESRC,Community Outreach Manager,Yes,4,No,,,,,,,,,,No,No (we did NOT expect to write software as part of the project),Perfect,
"Medicine, Dentistry and Health",BBSRC;Bone and Joint research charities,Senior Research Technician,Yes,5,No,,,,,,,,,,No,No (I'm not involved in writing funding proposals),,Suitable
Engineering,Private funding,PhD Student,Yes,5,Yes,3.0,No,No,Not interested,"No, I do not require HPC in my research",Confident,Not confident,Not confident,4.0,No,No (I'm not involved in writing funding proposals),Unsuitable,Suitable
Engineering,EPSRC,Research Associate,Yes,5,Yes,3.0,No,No,Not interested,"No, I do not require HPC in my research",Not confident,Not heard of it,Not heard of it,3.0,No,Yes,Suitable,Perfect
"Medicine, Dentistry and Health",British Heart Foundation,Postdoc,Yes,5,Yes,3.0,Yes,Yes,No,"No, but I would like to use ShARC/Bessemer in the future",Not confident,Not heard of it,Not confident,4.0,Yes,No (I'm not involved in writing funding proposals),,
Science,BBSRC,Lightsheet Microscope Manager,Yes,5,Yes,3.0,No,No,Not interested,"No, but I would like to use ShARC/Bessemer in the future",Confident,Not heard of it,Not heard of it,4.0,Yes,No (I'm not involved in writing funding proposals),Unsuitable,Suitable
Engineering,EPSRC;NERC;EU; Industry; Innovate UK,Research Associate,Yes,5,Yes,3.0,Yes,No,Yes,"No, I do not require HPC in my research",Confident,Not heard of it,Confident,4.0,No,No (but we DID expect to write software as part of the project),Unsuitable,Suitable
Science,,Research Associate,Yes,5,No,,,,,,,,,,No,No (I'm not involved in writing funding proposals),Unsuitable,Suitable
"Medicine, Dentistry and Health",NIHR;NHS,Medical statistician,Yes,5,No,,,,,,,,,,No,No (I'm not involved in writing funding proposals),Unsuitable,Suitable
Engineering,EPSRC;HVM Catapult,Technical Fellow,Yes,4,No,,,,,,,,,,No,No (we did NOT expect to write software as part of the project),Unsuitable,Suitable
Engineering,NIH (USA),Research Associate,Yes,5,No,,,,,,,,,,No,No (I'm not involved in writing funding proposals),Suitable,Perfect
Engineering,EPSRC,Research Associate,Yes,5,Yes,3.0,No,Yes,No,Yes,Confident,Confident,Confident,3.0,Yes,No (I'm not involved in writing funding proposals),Unsuitable,Unsuitable
Engineering,EPSRC;Innovate UK,Technical Fellow,Yes,5,Yes,3.0,No,Yes,No,"No, I do not require HPC in my research",Confident,Not heard of it,Not heard of it,2.0,No,No (but we DID expect to write software as part of the project);No (we did NOT expect to write software as part of the project),Suitable,Suitable
Engineering,EPSRC,Research Associate,Yes,5,Yes,4.0,No,No,No,Yes,Confident,Not confident,Not confident,2.0,No,No (I'm not involved in writing funding proposals),Unsuitable,Suitable
Engineering,"EPSRC;Innovate UK, H2020, Industry",Research Engineer,Yes,5,Yes,,No,Yes,Yes,"No, I do not require HPC in my research",Confident,Not heard of it,Not confident,4.0,No,No (but we DID expect to write software as part of the project),Unsuitable,Suitable
Engineering,ERC,Research Fellow,Yes,5,Yes,5.0,Yes,No,Not interested,"No, I use other HPC facilities",Confident,Not confident,Confident,4.0,Yes,Yes,Suitable,Perfect
Engineering,EPSRC,Research Associate,Yes,5,Yes,4.0,No,Yes,Yes,"No, I do not require HPC in my research",Not confident,Not confident,Not confident,1.0,No,No (I'm not involved in writing funding proposals),Suitable,Suitable
Nuclear AMRC,,Manufacturing Engineer,No,1,No,,,,,,,,,,Yes,No (I'm not involved in writing funding proposals),,
Engineering,EPSRC;STFC,PDRA,Yes,5,Yes,3.0,No,Yes,No,"No, but I would like to use ShARC/Bessemer in the future",Not confident,Not heard of it,Not heard of it,3.0,No,No (but we DID expect to write software as part of the project),Unsuitable,Unsuitable
Engineering,Pitch-In,Research Assistant,Yes,5,Yes,3.0,No,No,Not interested,"No, I do not require HPC in my research",Confident,Not confident,Not confident,4.0,No,No (I'm not involved in writing funding proposals),Unsuitable,Unsuitable
Engineering,EPSRC,Research Associate,Yes,5,No,,,,,,,,,,No,Yes,Unsuitable,Unsuitable
Engineering,EPSRC;MRC;NIHR,Research Associate,Yes,4,Yes,3.0,No,Yes,No,Yes,Confident,Not confident,Not confident,3.0,Yes,No (I'm not involved in writing funding proposals),Unsuitable,Suitable
Engineering,Biopharma companies,Research associate,Yes,5,No,,,,,,,,,,No,No (I'm not involved in writing funding proposals),Unsuitable,Unsuitable
Engineering,EPSRC,Research Associate,Yes,5,Yes,4.0,No,No,No,"No, but I would like to use ShARC/Bessemer in the future",Not confident,Not heard of it,Not heard of it,3.0,No,No (I'm not involved in writing funding proposals);No (but we DID expect to write software as part of the project),Unsuitable,Suitable
Engineering,Innovate UK AMRC,Project Manager,Yes,2,No,,,,,,,,,,Yes,Yes,Perfect,Suitable
Engineering,EPSRC,Research Associate,Yes,5,Yes,4.0,No,Yes,No,Yes,Not confident,Not confident,Confident,3.0,No,No (I'm not involved in writing funding proposals),Unsuitable,Unsuitable
AMRC,"EPSRC;Innovate UK, Horizon 2020",Research Engineer,Yes,5,Yes,3.0,No,Yes,No,"No, I do not require HPC in my research",Not confident,Not confident,Not confident,3.0,No,Yes,Perfect,Suitable
Engineering,EPSRC;Innovate UK,,Yes,5,No,,,,,,,,,,No,No (we did NOT expect to write software as part of the project),Suitable,Suitable
Engineering,EPSRC;External companies,Research Associate,Yes,5,No,,,,,,,,,,No,No (I'm not involved in writing funding proposals),Suitable,Perfect
Engineering,"EPSRC;Innovate UK, External",Research Associate,Yes,5,No,,,,,,,,,,No,No (but we DID expect to write software as part of the project),Unsuitable,Suitable
Engineering,EPSRC,Research Associate,Yes,5,Yes,3.0,Yes,No,No,"No, but I would like to use ShARC/Bessemer in the future",Confident,Not heard of it,Not confident,3.0,No,No (I'm not involved in writing funding proposals),Unsuitable,Suitable
Engineering,EPSRC,Research Associate,Yes,5,Yes,3.0,Yes,No,Not interested,"No, I do not require HPC in my research",Not confident,Not heard of it,Not confident,2.0,No,No (I'm not involved in writing funding proposals),Unsuitable,Unsuitable
Engineering,ATI,Research Associate,Yes,4,Yes,4.0,Yes,Yes,No,"No, I do not require HPC in my research",Very confident,Not confident,Confident,3.0,No,No (I'm not involved in writing funding proposals),Unsuitable,Unsuitable
Engineering,EPSRC;MRC,Research Fellow,Yes,5,No,,,,,,,,,,No,No (but we DID expect to write software as part of the project),Unsuitable,Suitable
Engineering,EPSRC,Research Associate,Yes,5,Yes,3.0,No,No,Not interested,"No, I do not require HPC in my research",Confident,Confident,Confident,2.0,No,No (I'm not involved in writing funding proposals),Unsuitable,Unsuitable
Engineering,"EPSRC;Innovate UK, High Value Manufacturing Catapult, ATI",Technical Fellow,Yes,5,No,,,,,,,,,,No,No (we did NOT expect to write software as part of the project),Unsuitable,Suitable
Engineering,EPSRC;MRC,Postdoctoral Research Associate in Robot Navigation,Yes,5,Yes,4.0,No,No,Not interested,"not Sheffield's recently, but I used Nottingham and Manchester University's platforms when I was a postdoc there.",Very confident,Not confident,Not confident,4.0,No,No (but we DID expect to write software as part of the project),Suitable,Perfect
AMRC,Catapult,Project engineer,Yes,4,No,,,,,,,,,,No,No (I'm not involved in writing funding proposals),Suitable,
Engineering,EPSRC,Research Associate ,Yes,5,Yes,2.0,No,No,Not interested,Yes,Confident,Not confident,Not confident,3.0,No,No (we did NOT expect to write software as part of the project),Unsuitable,Suitable
AMRC NW,ERDF,Project Engineer,Yes,2,No,,,,,,,,,,No,No (I'm not involved in writing funding proposals),Unsuitable,Unsuitable
Engineering,EPSRC,Research Associate,Yes,5,Yes,3.0,No,No,No,Yes,Confident,Not confident,Not confident,3.0,No,No (we did NOT expect to write software as part of the project),Unsuitable,Unsuitable
Engineering,EPSRC,PDRA,Yes,3,Yes,3.0,No,Yes,Yes,May require in future,Confident,Not heard of it,Not heard of it,1.0,No,No (but we DID expect to write software as part of the project),Perfect,Unsuitable
Arts and Humanities,AHRC,PhD student,Yes,2,No,,,,,,,,,,No,No (we did NOT expect to write software as part of the project),Unsuitable,Unsuitable
Arts and Humanities,,PGR,Yes,5,No,,,,,,,,,,No,No (we did NOT expect to write software as part of the project),Unsuitable,Unsuitable
Arts and Humanities,AHRC,PhD student and Teaching Assistant,No,2,No,,,,,,,,,,No,No (we did NOT expect to write software as part of the project),Unsuitable,Suitable
Arts and Humanities,AHRC,PhD Researcher,Yes,4,No,,,,,,,,,,No,No (we did NOT expect to write software as part of the project),Unsuitable,Suitable
Arts and Humanities,AHRC,PhD Student ,Yes,4,No,,,,,,,,,,No,No (we did NOT expect to write software as part of the project),Suitable,Suitable
Engineering,EPSRC,Research associate in soft tribology,No,3,No,,,,,,,,,,No,No (I'm not involved in writing funding proposals);No (but we DID expect to write software as part of the project),Suitable,Suitable
Arts and Humanities,Self-funded,PhD Student,Yes,4,No,,,,,,,,,,No,No (I'm not involved in writing funding proposals),Suitable,Suitable
Arts and Humanities,AHRC,PhD researcher,Yes,5,No,,,,,,,,,,No,No (we did NOT expect to write software as part of the project),Perfect,Perfect
Arts and Humanities,,Retired lecturer,No,1,No,,,,,,,,,,No,No (I'm not involved in writing funding proposals),Unsuitable,Unsuitable
Arts and Humanities,"National Heritage Lottery Fund, The Peak District National Park, Individual donors, Historic England, Historic Environment Scotland",Field Officer,Yes,5,No,,,,,,,,,,Yes,Yes,Unsuitable,Unsuitable
Arts and Humanities,,Zooarchaeologist,Yes,4,No,,,,,,,,,,No,No (we did NOT expect to write software as part of the project),Unsuitable,Unsuitable
Science,MRC,PhD student,Yes,5,No,,,,,,,,,,No,No (I'm not involved in writing funding proposals),Perfect,Suitable
Science,MRC,PhD student,Yes,4,No,,,,,,,,,,No,No (we did NOT expect to write software as part of the project),Unsuitable,Unsuitable
Science,BBSRC,Postgraduate Researcher,Yes,5,No,,,,,,,,,,No,No (I'm not involved in writing funding proposals),Unsuitable,Suitable
Science,STFC,PhD student,Yes,5,No,,,,,,,,,,No,No (I'm not involved in writing funding proposals),Unsuitable,Suitable
Science,,PhD student,Yes,5,Yes,3.0,No,No,No,Yes,Confident,Not confident,Not confident,3.0,No,No (I'm not involved in writing funding proposals),Unsuitable,Suitable
Science,BBSRC;MRC,PDRA,Yes,5,No,,,,,,,,,,No,No (I'm not involved in writing funding proposals),Unsuitable,Perfect
Science,BBSRC,Postdoctoral researcher,Yes,5,No,,,,,,,,,,No,No (I'm not involved in writing funding proposals),Unsuitable,Suitable
Science,ESRC,Research Associate,Yes,5,No,,,,,,,,,,No,No (I'm not involved in writing funding proposals),Unsuitable,Suitable
Science,EPSRC,PhD Student,Yes,5,Yes,2.0,Yes,No,Not interested,"No, but I have used HPC at a different university",Not heard of it,Not heard of it,Not heard of it,2.0,No,No (I'm not involved in writing funding proposals),Unsuitable,Unsuitable
Science,University of Sheffield PGR scholarship,PhD student,Yes,5,No,,,,,,,,,,No,No (I'm not involved in writing funding proposals),Suitable,Suitable
Science,EPSRC,PhD Student,Yes,5,No,,,,,,,,,,No,No (I'm not involved in writing funding proposals),Suitable,Suitable
Science,,PhD Researcher,Yes,5,No,,,,,,,,,,Yes,No (I'm not involved in writing funding proposals),Unsuitable,Perfect
Science,Grantham Institute,PhD,Yes,4,No,,,,,,,,,,Yes,No (I'm not involved in writing funding proposals),,Suitable
Science,EPSRC,PhD student,Yes,4,No,,,,,,,,,,No,No (I'm not involved in writing funding proposals),Unsuitable,Unsuitable
Science,STFC,Postgraduate Research Student in Experimental Particle Physics,Yes,5,Yes,4.0,No,No,Not interested,"No, I use other HPC facilities",Confident,Confident,Confident,2.0,Yes,No (I'm not involved in writing funding proposals),,
Arts and Humanities,AHRC,PhD student,No,2,No,,,,,,,,,,No,No (we did NOT expect to write software as part of the project),Unsuitable,Unsuitable
Science,STFC,Postgraduate student,Yes,5,Yes,3.0,Yes,No,No,"No, I use other HPC facilities",Very confident,Not confident,Not heard of it,4.0,No,No (I'm not involved in writing funding proposals),Unsuitable,Unsuitable
Science,,Research Associate,Yes,5,No,,,,,,,,,,No,No (I'm not involved in writing funding proposals),Unsuitable,Suitable
Science,BBSRC;MRC;Royal Society,Research Fellow,Yes,5,No,,,,,,,,,,No,No (we did NOT expect to write software as part of the project),Unsuitable,Perfect
Science,Me,PhD student,Yes,5,Yes,3.0,No,No,Not interested,I am unaware of ShARC/Bessemer,Very confident,Not heard of it,Not heard of it,1.0,No,No (I'm not involved in writing funding proposals),Unsuitable,Unsuitable
Science,The university ,PhD student,Yes,4,No,,,,,,,,,,No,No (I'm not involved in writing funding proposals),Unsuitable,Unsuitable
Arts and Humanities,,Retired,Yes,4,No,,,,,,,,,,No,No (we did NOT expect to write software as part of the project),Unsuitable,Unsuitable
Science,BBSRC;Wellcome Trust,Lecturer,Yes,5,No,,,,,,,,,,No,No (we did NOT expect to write software as part of the project),Unsuitable,Suitable
Science,NERC,PhD Student,Yes,5,No,,,,,,,,,,No,No (I'm not involved in writing funding proposals),Unsuitable,Unsuitable
Science,EPSRC;NERC,Research Associate,Yes,5,Yes,3.0,No,No,Not interested,Yes,Not confident,Not heard of it,Not heard of it,3.0,No,No (but we DID expect to write software as part of the project),Unsuitable,Unsuitable
Arts and Humanities,AHRC,Doctoral Researcher,Yes,5,No,,,,,,,,,,No,No (I'm not involved in writing funding proposals),Unsuitable,Unsuitable
Science,,PhD Student,Yes,5,Yes,3.0,Yes,No,Not interested,"No, but I would like to use ShARC/Bessemer in the future",Confident,Confident,Confident,3.0,No,No (I'm not involved in writing funding proposals),,
Science,BBSRC,PhD student ,Yes,5,No,,,,,,,,,,Yes,No (we did NOT expect to write software as part of the project),Suitable,Perfect
Science,STFC,Research Associate,Yes,5,Yes,4.0,Yes,Yes,No,"No, I do not require HPC in my research",Very confident,Not confident,Not confident,3.0,No,Yes,Suitable,Suitable
Science,Indonesian Endowmend Fund for Education,PhD Student,Yes,5,No,,,,,,,,,,Yes,Yes,Unsuitable,Suitable
Science,NERC;University of Sheffield ,PhD Student,Yes,5,No,,,,,,,,,,No,No (I'm not involved in writing funding proposals),Unsuitable,Unsuitable
Science,MRC,PhD Student,Yes,4,No,,,,,,,,,,No,No (I'm not involved in writing funding proposals),Suitable,Perfect
Science,BBSRC;MRC,PhD student,Yes,5,No,,,,,,,,,,Yes,No (I'm not involved in writing funding proposals),Unsuitable,Unsuitable
Science,EPSRC,Research Associate,Yes,5,No,,,,,,,,,,No,No (I'm not involved in writing funding proposals),Unsuitable,Unsuitable
Science,Grantham Centre for Sustainable Futures,PGR student department of Chemistry,Yes,5,Yes,4.0,Yes,Yes,No,"No, but I would like to use ShARC/Bessemer in the future",Confident,Confident,Not confident,3.0,No,No (I'm not involved in writing funding proposals),Unsuitable,Unsuitable
Science,EPSRC,PhD Researcher ,Yes,5,No,,,,,,,,,,Yes,No (I'm not involved in writing funding proposals),Unsuitable,Unsuitable
Science,EPSRC,PhD Researcher ,Yes,5,No,,,,,,,,,,No,No (we did NOT expect to write software as part of the project),Unsuitable,Suitable
Arts and Humanities,AHRC,PhD Researcher,Yes,2,No,,,,,,,,,,No,No (I'm not involved in writing funding proposals),Unsuitable,Suitable
Science,"BBSRC;European Research Council, Leverhulme Trust",PostDoc,Yes,4,No,,,,,,,,,,No,No (I'm not involved in writing funding proposals),Unsuitable,Suitable
Science,ESRC,research associate,Yes,5,No,,,,,,,,,,No,No (I'm not involved in writing funding proposals),Unsuitable,Unsuitable
Science,EPSRC,PhD student,Yes,5,No,,,,,,,,,,No,No (I'm not involved in writing funding proposals),Suitable,Unsuitable
Science,Horizon 2002 - MSCA,Phd student - research assistant,Yes,5,No,,,,,,,,,,No,No (I'm not involved in writing funding proposals),Unsuitable,Suitable
Science,Portuguese Science and Technology Foundation (FCT),PhD in Matematics,Yes,5,No,,,,,,,,,,No,No (I'm not involved in writing funding proposals),Unsuitable,Suitable
Science,BBSRC;NERC,Research Fellow,Yes,5,Yes,3.0,No,Yes,No,Yes,Not confident,Not confident,Not confident,3.0,No,No (but we DID expect to write software as part of the project),Unsuitable,Suitable
Science,British Heart Foundation,PhD student ,Yes,5,No,,,,,,,,,,No,No (I'm not involved in writing funding proposals),Perfect,Unsuitable
Social Sciences,the university of sheffield ,student ,Yes,5,No,,,,,,,,,,No,No (we did NOT expect to write software as part of the project),Unsuitable,Unsuitable
Science,Grantham Centre for Sustainable Futures,PhD student,Yes,5,No,,,,,,,,,,No,No (I'm not involved in writing funding proposals),Unsuitable,Suitable
Arts and Humanities,AHRC,PhD researcher,Yes,5,No,,,,,,,,,,Yes,No (I'm not involved in writing funding proposals),Unsuitable,Perfect
Science,Saudia government ,PhD student ,Yes,5,No,,,,,,,,,,No,No (we did NOT expect to write software as part of the project),Unsuitable,Unsuitable
Science,GCRF,Postdoc ,Yes,5,No,,,,,,,,,,No,No (we did NOT expect to write software as part of the project),Unsuitable,Unsuitable
Science,,,Yes,5,No,,,,,,,,,,No,No (I'm not involved in writing funding proposals),,
Science,,PhD candidate,Yes,5,No,,,,,,,,,,No,No (I'm not involved in writing funding proposals),,
Science,,"Ph.d. student, part-time lecturer",Yes,5,No,,,,,,,,,,No,No (we did NOT expect to write software as part of the project),Unsuitable,Unsuitable
Science,GCRF,Postdoc ,Yes,5,No,,,,,,,,,,No,No (we did NOT expect to write software as part of the project),Unsuitable,Unsuitable
Science,EPSRC,PhD Student,Yes,5,Yes,3.0,No,No,Not interested,"No, but I would like to use ShARC/Bessemer in the future",Confident,Not confident,Confident,3.0,No,No (I'm not involved in writing funding proposals),Unsuitable,Unsuitable
Science,EPSRC,PhD student,Yes,5,No,,,,,,,,,,Yes,No (I'm not involved in writing funding proposals),Suitable,Perfect
Science,Leverhulme Trust,senior research fellow,Yes,5,Yes,4.0,Yes,No,Not interested,Yes,Confident,Not heard of it,Not heard of it,4.0,Yes,No (I'm not involved in writing funding proposals),Suitable,Suitable
Science,self-funded phd student,psychologist,Yes,3,No,,,,,,,,,,No,No (I'm not involved in writing funding proposals),,
Science,AWE,PHD student,Yes,4,Yes,3.0,Yes,No,Not interested,"No, I use other HPC facilities",Not confident,Not confident,Not confident,3.0,No,No (I'm not involved in writing funding proposals),Unsuitable,Unsuitable
Science,EPSRC,Research associate,Yes,3,Yes,1.0,No,No,No,"No, I do not require HPC in my research",Not heard of it,Not heard of it,Not heard of it,3.0,No,No (I'm not involved in writing funding proposals),Unsuitable,Unsuitable
Arts and Humanities,AHRC,PhD student,Yes,3,No,,,,,,,,,,No,No (we did NOT expect to write software as part of the project),Unsuitable,Unsuitable
Science,STFC,Postdoctoral Research Associate,Yes,5,Yes,3.0,No,No,No,"No, I use other HPC facilities",Confident,Confident,Confident,3.0,No,No (I'm not involved in writing funding proposals),Suitable,Unsuitable
Science,EPSRC,Research Assistant,Yes,5,No,,,,,,,,,,No,No (I'm not involved in writing funding proposals),Unsuitable,Suitable
Science,BBSRC;MRC;Cancer Research UK,Research associate,Yes,4,No,,,,,,,,,,No,No (I'm not involved in writing funding proposals),Unsuitable,Suitable
Science,EPSRC,PhD student,No,1,No,,,,,,,,,,No,No (we did NOT expect to write software as part of the project),Unsuitable,Unsuitable
Science,EPSRC,PhD student,Yes,5,Yes,3.0,No,No,Not interested,"No, I do not require HPC in my research",Confident,Not confident,Not confident,1.0,No,No (I'm not involved in writing funding proposals),Unsuitable,Unsuitable
Engineering,BBSRC;EPSRC;British Council,,Yes,4,No,,,,,,,,,,No,Yes,Unsuitable,Perfect
Science,NERC,Postdoctoral Research Associate,Yes,5,No,,,,,,,,,,No,Yes,Suitable,Suitable
Science,STFC,PhD Student,Yes,5,Yes,3.0,No,No,Not interested,"No, I use other HPC facilities",Not confident,Not heard of it,Not confident,2.0,No,No (I'm not involved in writing funding proposals),Unsuitable,Unsuitable
Science,BBSRC,PDRA,Yes,5,No,,,,,,,,,,Yes,Yes;No (I'm not involved in writing funding proposals),Suitable,Unsuitable
Science,EPSRC,PhD Researcher,Yes,5,No,,,,,,,,,,No,No (I'm not involved in writing funding proposals),Unsuitable,Suitable
Science,University,PhD Student,Yes,5,No,,,,,,,,,,No,No (I'm not involved in writing funding proposals),Unsuitable,Suitable
Engineering,Leverhulme trust,Research associate,Yes,5,No,,,,,,,,,,No,No (we did NOT expect to write software as part of the project),,
AMRC,"CATAPULT, AMRC membership, some grant funding",Project Engineer,Yes,5,Yes,1.0,No,Yes,No,The need for HPC within my team is growing. There is a HPC being comissioned at AMRC.,Confident,Not heard of it,Not heard of it,,Yes,Yes,,Suitable
Social Sciences,Self funded,PhD Researcher,No,3,No,,,,,,,,,,No,No (I'm not involved in writing funding proposals),Suitable,Suitable
Social Sciences,NIHR,PhD student,Yes,5,No,,,,,,,,,,No,No (I'm not involved in writing funding proposals),,
Social Sciences,ESRC,PhD student,Yes,3,No,,,,,,,,,,No,No (I'm not involved in writing funding proposals),Unsuitable,Unsuitable
Science,EPSRC,researcher,Yes,5,Yes,2.0,No,No,No,"No, but I would like to use ShARC/Bessemer in the future",Not confident,Not heard of it,Not heard of it,3.0,Yes,No (but we DID expect to write software as part of the project),,Suitable
Social Sciences,Wellcome Trust,Post-doctoral research associate,Yes,4,No,,,,,,,,,,No,No (we did NOT expect to write software as part of the project),,
Social Sciences,ESRC,Research Associate,Yes,2,No,,,,,,,,,,No,No (we did NOT expect to write software as part of the project),Unsuitable,Suitable
Social Sciences,ESRC,Research Associate,Yes,2,No,,,,,,,,,,No,No (we did NOT expect to write software as part of the project),Unsuitable,Unsuitable
Social Sciences,Grantham Centre for Sustainable Futures,PhD,Yes,5,No,,,,,,,,,,No,No (I'm not involved in writing funding proposals),,Perfect
Social Sciences,STFC;European Research Council,Postdoctoral Research Assistant,Yes,5,No,,,,,,,,,,Yes,No (we did NOT expect to write software as part of the project),Suitable,Suitable
Social Sciences,AHRC;ESRC,Doctoral Researcher,No,2,No,,,,,,,,,,No,No (we did NOT expect to write software as part of the project),Unsuitable,Suitable
Social Sciences,ESRC,Postdoctoral Research Associate,Yes,5,No,,,,,,,,,,No,No (we did NOT expect to write software as part of the project),Suitable,Perfect
Social Sciences,Private,PhD student,Yes,4,Yes,3.0,No,Yes,Yes,"No, I do not require HPC in my research",Not confident,Not confident,Not heard of it,1.0,Yes,Yes,Suitable,Suitable
Social Sciences,self-funded,PhD student,Yes,3,No,,,,,,,,,,No,No (I'm not involved in writing funding proposals),Unsuitable,Unsuitable
Social Sciences,EPSRC,Phd student ,Yes,5,No,,,,,,,,,,No,No (I'm not involved in writing funding proposals),Unsuitable,Unsuitable
Social Sciences,ESRC,PhD researcher,Yes,5,No,,,,,,,,,,No,No (we did NOT expect to write software as part of the project),Unsuitable,Suitable
Arts and Humanities,University of Sheffield,PhD researcher,No,1,No,,,,,,,,,,No,No (I'm not involved in writing funding proposals),Unsuitable,Unsuitable
Social Sciences,LPDP,Doctoral Researcher,Yes,3,No,,,,,,,,,,No,No (but we DID expect to write software as part of the project),Unsuitable,Unsuitable
Social Sciences,ESRC,PhD student,No,3,No,,,,,,,,,,No,No (I'm not involved in writing funding proposals),Suitable,
Management school,ESRC,Research associate,Yes,4,No,,,,,,,,,,No,Yes,Unsuitable,Suitable
Science,EPSRC,PhD student,Yes,5,No,,,,,,,,,,No,No (I'm not involved in writing funding proposals),Unsuitable,Unsuitable
Social Sciences,ESRC,Research Associate,Yes,4,No,,,,,,,,,,No,No (I'm not involved in writing funding proposals),Unsuitable,Suitable
Social Sciences,ESRC,PhD Student,Yes,5,No,,,,,,,,,,No,No (I'm not involved in writing funding proposals),Unsuitable,Suitable
Social Sciences,,PhD student,Yes,5,No,,,,,,,,,,No,No (but we DID expect to write software as part of the project),Perfect,Perfect
Social Sciences,My university and department,PhD Student,Yes,5,No,,,,,,,,,,No,No (I'm not involved in writing funding proposals);No (we did NOT expect to write software as part of the project),Unsuitable,Unsuitable
Social Sciences,ESRC,PhD Student,Yes,4,No,,,,,,,,,,No,No (we did NOT expect to write software as part of the project),Unsuitable,Unsuitable
Social Sciences,Leverhulme Trust,Leverhulme Early Career Fellow,Yes,5,No,,,,,,,,,,No,No (we did NOT expect to write software as part of the project),Unsuitable,Unsuitable
Social Sciences,Wellcome Trust,lecturer,Yes,4,Yes,4.0,Yes,Yes,Yes,"No, I do not require HPC in my research",Confident,Not confident,Not heard of it,3.0,Yes,Yes,Suitable,Suitable
Arts and Humanities,AHRC,Phd candidate,Yes,5,No,,,,,,,,,,No,Yes,Unsuitable,Perfect
Social Sciences,World Bank,PhD student,Yes,5,No,,,,,,,,,,No,No (I'm not involved in writing funding proposals),Unsuitable,Unsuitable
Social Sciences,Wellcome Trust;Self-funded,Accountant,Yes,4,No,,,,,,,,,,No,No (we did NOT expect to write software as part of the project),Suitable,Suitable
Social Sciences,AHRC;EPSRC;ESRC;British Academy,Research Associate,No,1,No,,,,,,,,,,No,No (we did NOT expect to write software as part of the project),,
Social Sciences,Endeavour Scheme,Head of Department,No,3,No,,,,,,,,,,No,No (we did NOT expect to write software as part of the project),Suitable,Suitable
Science,STFC;University of Sheffield,PhD Research Student,Yes,5,No,,,,,,,,,,No,No (I'm not involved in writing funding proposals),Unsuitable,Unsuitable
Social Sciences,ESRC,PhD student,Yes,2,No,,,,,,,,,,No,No (I'm not involved in writing funding proposals),Unsuitable,Suitable
Engineering,EPSRC,Research Associate,Yes,5,Yes,1.0,Yes,No,No,"No, I do not require HPC in my research",Not heard of it,Not heard of it,Not heard of it,4.0,No,No (we did NOT expect to write software as part of the project),Unsuitable,Unsuitable
Social Sciences,STFC,Research Associate,Yes,5,No,,,,,,,,,,No,No (we did NOT expect to write software as part of the project),,
Social Sciences,ESRC,Adult education tutor,No,1,No,,,,,,,,,,No,No (I'm not involved in writing funding proposals),Unsuitable,Unsuitable
Science,,PGR,Yes,5,No,,,,,,,,,,No,No (I'm not involved in writing funding proposals),Unsuitable,Suitable
Social Sciences,EPSRC;ESRC,Research Associate,Yes,4,No,,,,,,,,,,No,No (I'm not involved in writing funding proposals),Suitable,Suitable
Social Sciences,Nuffield Foundation funds my role.,Postdoctoral Research Associate,Yes,3,No,,,,,,,,,,No,No (we did NOT expect to write software as part of the project),,Perfect
Arts and Humanities,AHRC,,No,2,No,,,,,,,,,,No,No (I'm not involved in writing funding proposals),Unsuitable,Unsuitable
Social Sciences,,Student,Yes,5,No,,,,,,,,,,No,No (I'm not involved in writing funding proposals),Unsuitable,Unsuitable
Engineering,EPSRC,PDRA,Yes,5,Yes,3.0,No,No,No,"No, but I would like to use ShARC/Bessemer in the future",Confident,Not confident,Not heard of it,3.0,No,No (I'm not involved in writing funding proposals),Unsuitable,Suitable
Science,ESRC,Research Associate (PDRA),Yes,5,No,,,,,,,,,,Yes,Yes,Suitable,Suitable
Science,BBSRC;EPSRC;MRC;British Heart Foundation;Cancer Research UK;Wellcome Trust,Biological mass spectrometry facility manager,Yes,5,No,,,,,,,,,,Yes,No (I'm not involved in writing funding proposals);No (but we DID expect to write software as part of the project);No (we did NOT expect to write software as part of the project),Suitable,Suitable
Social Sciences,Wellcome Trust,Research Associate,Yes,5,No,,,,,,,,,,No,No (we did NOT expect to write software as part of the project),Suitable,Suitable
Engineering,EPSRC,,Yes,5,No,,,,,,,,,,No,No (I'm not involved in writing funding proposals),Suitable,Suitable
Engineering,EPSRC,PhD student,Yes,3,Yes,3.0,No,Yes,No,"No, I do not require HPC in my research",Confident,Not confident,Not confident,2.0,No,No (I'm not involved in writing funding proposals),Suitable,Suitable
Engineering,EPSRC,PhD student,Yes,5,No,,,,,,,,,,No,No (I'm not involved in writing funding proposals),Unsuitable,Unsuitable
Engineering,EPSRC,PhD student,Yes,5,No,,,,,,,,,,No,No (I'm not involved in writing funding proposals),Unsuitable,Suitable
Engineering,EPSRC,PhD student,Yes,5,No,,,,,,,,,,No,No (I'm not involved in writing funding proposals),Unsuitable,Unsuitable
Engineering,Self funded,,Yes,4,No,,,,,,,,,,No,No (I'm not involved in writing funding proposals),Unsuitable,Suitable
Engineering,Voicebase,PhD Student,Yes,5,No,,,,,,,,,,No,Yes,Suitable,Suitable
Engineering,EPSRC,RA,Yes,5,No,,,,,,,,,,No,No (but we DID expect to write software as part of the project),Suitable,Suitable
Engineering,EPSRC,PhD student,Yes,5,Yes,3.0,No,No,Not interested,"No, but I would like to use ShARC/Bessemer in the future",Confident,Not confident,Confident,3.0,No,No (I'm not involved in writing funding proposals),Suitable,Suitable
Engineering,EPSRC,EngD Student,Yes,4,Yes,3.0,Yes,No,Not interested,"No, I do not require HPC in my research",Not confident,Not heard of it,Not heard of it,4.0,No,No (I'm not involved in writing funding proposals),Unsuitable,Unsuitable
Social Sciences,AHRC;ESRC,Research Associate,Yes,5,No,,,,,,,,,,No,Yes,Suitable,Suitable
Engineering,EPSRC,PhD Student,Yes,4,Yes,3.0,No,No,Not interested,"No, I do not require HPC in my research",Confident,Not heard of it,Not heard of it,3.0,No,No (I'm not involved in writing funding proposals),Unsuitable,Suitable
Engineering,,PhD student,Yes,5,Yes,3.0,Yes,No,Not interested,Yes,Not confident,Not heard of it,Not heard of it,3.0,No,No (I'm not involved in writing funding proposals),,
Engineering,Midea,PHD,Yes,5,Yes,3.0,No,No,Not interested,"No, but I would like to use ShARC/Bessemer in the future",Confident,Confident,Confident,4.0,No,No (I'm not involved in writing funding proposals),Suitable,Suitable
Engineering,Siemens,PHD,Yes,5,No,,,,,,,,,,No,Yes;No (I'm not involved in writing funding proposals),Perfect,Suitable
Engineering,ESRC,student,Yes,5,Yes,3.0,No,Yes,No,"No, but I would like to use ShARC/Bessemer in the future",Confident,Not heard of it,Not heard of it,5.0,No,Yes,Suitable,Suitable
Engineering,BBSRC,PhD Student - Resilience in Decarbonised Energy,Yes,5,No,,,,,,,,,,No,No (I'm not involved in writing funding proposals),Unsuitable,Unsuitable
Engineering,EPSRC,PhD student,Yes,5,Yes,2.0,No,No,No,Yes,Not confident,Not heard of it,Not heard of it,2.0,No,No (I'm not involved in writing funding proposals),Unsuitable,Unsuitable
Engineering,EPSRC,PhD Student,Yes,5,No,,,,,,,,,,No,No (but we DID expect to write software as part of the project),Suitable,Suitable
Engineering,EPSRC;Nuclear Decommissioning Authority,Postgraduate Research Student,Yes,4,No,,,,,,,,,,Yes,No (I'm not involved in writing funding proposals),Unsuitable,Perfect
Engineering,EPSRC,PhD student and research assistant,Yes,5,Yes,3.0,No,Yes,No,"No, but I would like to use ShARC/Bessemer in the future",Not confident,Not heard of it,Not confident,2.0,No,No (I'm not involved in writing funding proposals),Unsuitable,Suitable
Engineering,,PhD Student,Yes,5,No,,,,,,,,,,Yes,No (but we DID expect to write software as part of the project),Suitable,Perfect
Engineering,EPSRC,PGR,Yes,5,No,,,,,,,,,,No,No (I'm not involved in writing funding proposals),Unsuitable,Suitable
Engineering,EPSRC,PhD Student/Researcher,Yes,4,No,,,,,,,,,,No,No (I'm not involved in writing funding proposals),Unsuitable,Unsuitable
Engineering,UKRI,PhD student,Yes,5,No,,,,,,,,,,No,No (I'm not involved in writing funding proposals),Unsuitable,Unsuitable
Engineering,BBSRC,PhD student,Yes,5,No,,,,,,,,,,No,Yes,Suitable,Perfect
Engineering,EPSRC,PhD student,Yes,5,No,,,,,,,,,,No,No (I'm not involved in writing funding proposals),Unsuitable,Unsuitable
Engineering,ESRC;Rolls Royce,PhD student ,Yes,5,No,,,,,,,,,,No,No (I'm not involved in writing funding proposals),Unsuitable,Suitable
Engineering,Commonwealth Scholarship Commission ,PhD Scholar,Yes,5,No,,,,,,,,,,No,Yes;No (we did NOT expect to write software as part of the project),Unsuitable,Suitable
Engineering,EPSRC,PhD student,Yes,5,No,,,,,,,,,,No,No (I'm not involved in writing funding proposals),Suitable,Perfect
Engineering,EPSRC,,Yes,5,Yes,4.0,Yes,No,Not interested,"No, but I would like to use ShARC/Bessemer in the future",Very confident,Confident,Confident,3.0,No,No (I'm not involved in writing funding proposals),Unsuitable,Unsuitable
Engineering,,,Yes,4,No,,,,,,,,,,No,No (I'm not involved in writing funding proposals),,
Engineering,,,No,3,No,,,,,,,,,,No,No (we did NOT expect to write software as part of the project),Unsuitable,Unsuitable
Engineering,EPSRC,EngD Student,Yes,4,No,,,,,,,,,,No,No (I'm not involved in writing funding proposals),Unsuitable,Unsuitable
Social Sciences,EPSRC;ESRC;NERC,Research Associate,Yes,4,No,,,,,,,,,,No,No (we did NOT expect to write software as part of the project),Unsuitable,Unsuitable
Engineering,EPSRC,PhD Student,Yes,4,Yes,2.0,No,Yes,No,"No, but I would like to use ShARC/Bessemer in the future",Confident,Not confident,Not confident,3.0,No,No (I'm not involved in writing funding proposals),Suitable,Suitable
Engineering,Libyan Embassy ,Fire Dynamic ,Yes,5,No,,,,,,,,,,No,No (I'm not involved in writing funding proposals),Unsuitable,Suitable
Engineering,EU (Marie Curie Fellowship),PhD student,Yes,5,No,,,,,,,,,,No,Yes;No (I'm not involved in writing funding proposals),Suitable,Suitable
Social Sciences,Chilean government scholarship,Doctoral researcher,Yes,5,No,,,,,,,,,,No,No (we did NOT expect to write software as part of the project),Unsuitable,Suitable
Engineering,NERC;STFC,PhD student,Yes,3,No,,,,,,,,,,No,No (we did NOT expect to write software as part of the project),Unsuitable,Suitable
Engineering,EPSRC,PhD,Yes,5,No,,,,,,,,,,No,No (I'm not involved in writing funding proposals),,Suitable
Engineering,"Ministry of Higher Education, Research and Innovation, Oman",Lecturer,Yes,5,No,,,,,,,,,,No,No (we did NOT expect to write software as part of the project),Suitable,Suitable
Engineering,EPSRC,,Yes,5,No,,,,,,,,,,Yes,No (I'm not involved in writing funding proposals),Perfect,Perfect
Engineering,EPSRC,EngD research engineer,Yes,5,No,,,,,,,,,,No,No (I'm not involved in writing funding proposals),Unsuitable,Unsuitable
Engineering,EPSRC;Industry sponsor,PhD student,Yes,5,No,,,,,,,,,,No,No (I'm not involved in writing funding proposals),Perfect,Suitable
Engineering,EPSRC,PhD Student ,Yes,3,No,,,,,,,,,,No,No (I'm not involved in writing funding proposals),Unsuitable,Suitable
Engineering,EPSRC,PhD Student,Yes,4,Yes,3.0,Yes,No,No,"No, I do not require HPC in my research",Not confident,Not heard of it,Not confident,4.0,No,No (I'm not involved in writing funding proposals),Unsuitable,Suitable
Engineering,EPSRC,Senior Design and Development Engineer,Yes,2,Yes,2.0,No,Yes,No,"No, I use other HPC facilities",Confident,Not heard of it,Not heard of it,3.0,No,No (I'm not involved in writing funding proposals),Unsuitable,Suitable
Science,BBSRC;Wellcome Trust,Research Associate,Yes,5,Yes,3.0,No,No,No,Yes,Not confident,Not confident,Not confident,,No,No (but we DID expect to write software as part of the project),,Suitable
Engineering,EPSRC,PGR Student,Yes,5,Yes,3.0,Yes,No,No,"No, but I would like to use ShARC/Bessemer in the future",Confident,Not confident,Not confident,4.0,No,No (I'm not involved in writing funding proposals),Unsuitable,Suitable
Social Sciences,ESRC,Research Associate,Yes,4,No,,,,,,,,,,No,No (I'm not involved in writing funding proposals),Unsuitable,Unsuitable
Engineering,co funduded by university of sheffield ,Phd student,Yes,5,Yes,3.0,No,Yes,No,"No, I use other HPC facilities",Not heard of it,Not confident,Not heard of it,2.0,No,No (but we DID expect to write software as part of the project),Unsuitable,Suitable
Engineering,EPSRC,PhD Student,Yes,3,No,,,,,,,,,,No,No (I'm not involved in writing funding proposals),Unsuitable,Suitable
Engineering,EPSRC,PhD Student,Yes,5,No,,,,,,,,,,Yes,No (I'm not involved in writing funding proposals),Unsuitable,Suitable
Engineering,EPSRC,PhD student,Yes,3,No,,,,,,,,,,No,No (I'm not involved in writing funding proposals),Unsuitable,Suitable
Engineering,,Student,Yes,5,Yes,3.0,No,No,Not interested,Yes,Confident,Not confident,Not confident,4.0,No,Yes,Unsuitable,Unsuitable
Engineering,EPSRC,PhD Student,Yes,5,No,,,,,,,,,,No,No (I'm not involved in writing funding proposals),Suitable,Suitable
Engineering,International sponser,maintenance engineer,Yes,5,No,,,,,,,,,,No,No (we did NOT expect to write software as part of the project),Unsuitable,Perfect
Engineering,CONACYT,PhD Biomaterials and Regenerative Medicine,No,3,No,,,,,,,,,,No,No (I'm not involved in writing funding proposals);No (we did NOT expect to write software as part of the project),Unsuitable,Suitable
Engineering,EPSRC,PhD research student,Yes,2,No,,,,,,,,,,No,No (I'm not involved in writing funding proposals),Unsuitable,Unsuitable
Engineering,My Employer,Senior robotics and controls engineer,No,4,No,,,,,,,,,,No,Yes,Suitable,Suitable
Engineering,EPSRC,PhD student,Yes,4,No,,,,,,,,,,No,No (I'm not involved in writing funding proposals),Unsuitable,Suitable
Social Sciences,,PhD candidate ,Yes,5,No,,,,,,,,,,No,No (I'm not involved in writing funding proposals),Perfect,Perfect
Engineering,EPSRC,Research Associate,Yes,5,Yes,5.0,No,Yes,Yes,Yes,Very confident,Very confident,Very confident,2.0,No,No (I'm not involved in writing funding proposals),,
"Medicine, Dentistry and Health",EPSRC,PhD Student,Yes,5,No,,,,,,,,,,No,No (I'm not involved in writing funding proposals),Unsuitable,Unsuitable
Engineering,,PGR,Yes,5,No,,,,,,,,,,No,No (I'm not involved in writing funding proposals);No (we did NOT expect to write software as part of the project),Suitable,Suitable
Social Sciences,ESRC,Research Associate,Yes,4,No,,,,,,,,,,No,No (we did NOT expect to write software as part of the project),Unsuitable,Suitable
"Medicine, Dentistry and Health",NIHR,Information Specialist,Yes,4,No,,,,,,,,,,Yes,Yes,Unsuitable,Suitable
Engineering,EPSRC;innovate UK,Lecturer,Yes,5,Yes,4.0,No,Yes,No,"No, I use other HPC facilities",Not confident,Not heard of it,Not confident,3.0,No,No (but we DID expect to write software as part of the project),Unsuitable,Suitable
"Medicine, Dentistry and Health",MRC,Research Software Engineer,Yes,5,Yes,5.0,Yes,Yes,Yes,"No, but I would like to use ShARC/Bessemer in the future",Very confident,Very confident,Very confident,4.0,Yes,No (I'm not involved in writing funding proposals),Suitable,Suitable
Science,STFC,Research Fellow,Yes,5,Yes,5.0,No,No,Not interested,Yes,Very confident,Confident,Confident,2.0,Yes,No (but we DID expect to write software as part of the project),Suitable,Suitable
"Medicine, Dentistry and Health",MRC;NIHR,Data Architect,Yes,5,Yes,3.0,No,No,Not interested,ShARC/Bessemer do not meet the IG requirements of our data suppliers,Confident,Not confident,Confident,2.0,Yes,Yes;No (I'm not involved in writing funding proposals),Unsuitable,Suitable
Science,BBSRC;EPSRC;MRC,Lecturer in Bioinformatics,Yes,5,Yes,4.0,Yes,No,Not interested,Yes,Very confident,Confident,Not confident,2.0,No,No (but we DID expect to write software as part of the project),Unsuitable,Suitable
Engineering,EPSRC;industry,Reader,Yes,5,No,,,,,,,,,,No,No (we did NOT expect to write software as part of the project),Unsuitable,Unsuitable
Engineering,EPSRC,Research Associate,Yes,5,Yes,4.0,No,No,Not interested,Yes,Confident,Not confident,Not confident,3.0,No,No (I'm not involved in writing funding proposals),Unsuitable,Suitable
Engineering,EPSRC;industry,Reader,Yes,5,No,,,,,,,,,,No,No (we did NOT expect to write software as part of the project),Unsuitable,Unsuitable
Engineering,EPSRC,Research Associate,Yes,5,Yes,4.0,No,No,Not interested,Yes,Confident,Not confident,Not confident,3.0,No,No (I'm not involved in writing funding proposals),Unsuitable,Suitable
