Timestamp,In which faculty are you based?,Which of the following organisations usually fund your research?,What is your job title?,Do you use research software?,How important is research software to your work?,Have you developed your own research software?,How do you rate your software development expertise?,Do you feel that you have received sufficient training to develop reliable software?,Would you be interested in the university helping you commercialise some of your research software?,Do you feel that your research software is ready to be shared with a commercial partner?,"Have you used ShARC/Bessemer, the University's high-performance computing (HPC) system?",How confident are you with the following technologies? [Version control],How confident are you with the following technologies? [Continuous integration],How confident are you with the following technologies? [Unit testing],How would you rate the university's current level of support for your software-development needs?,Have you or someone in your group ever hired someone specifically to develop software?,Have you ever included costs for software development in a funding proposal?,How suitable would the following models be for your software development needs? [Hire a full-time software developer],How suitable would the following models be for your software development needs? [Recruit a developer (or fractional FTE equivalent of a developer) from a central University of Sheffield pool as needed]
2020/10/06 1:12:44 pm GMT,Faculty of Social Sciences,ESRC,professor,No,1,No,,,,,,,,,,Yes,Yes,Suitable,Suitable
2020/10/06 1:15:38 pm GMT,Faculty of Social Sciences,AHRC;Lots of it isn't externally funded,Senior Lecturer in Quantitative Methods,Yes,5,No,,,,,,,,,,Yes,Yes,Unsuitable,Perfect
2020/10/06 1:16:08 pm GMT,Faculty of Social Sciences,ESRC;NERC;NIHR,Lecturer,Yes,5,No,,,,,,,,,,Yes,Yes,Suitable,Perfect
2020/10/06 1:21:02 pm GMT,Faculty of Social Sciences,ESRC,Senior Lecturer,Yes,5,Yes,4,No,Yes,No,"No, but I would like to use IRIDIS in the future",Very confident,Confident,Confident,3,Yes,No (but we DID expect to write software as part of the project),Suitable,Suitable
2020/10/06 1:44:10 pm GMT,Faculty of Social Sciences,ESRC;Leverhulme Trust/ British Academy,Senior Lecturer,Yes,3,No,,,,,,,,,,No,No (we did NOT expect to write software as part of the project),,
2020/10/06 1:48:16 pm GMT,Faculty of Social Sciences,"EPSRC;ESRC;EU, Commercial, Charity",Professor,Yes,5,No,,,,,,,,,,No,No (we did NOT expect to write software as part of the project),,
2020/10/06 4:16:05 pm GMT,Faculty of Social Sciences,ESRC,Senior Lecturer,Yes,5,No,,,,,,,,,,No,No (we did NOT expect to write software as part of the project),Unsuitable,Suitable
2020/10/06 5:14:39 pm GMT,Faculty of Social Sciences,ESRC,Research Associate,Yes,4,No,,,,,,,,,,No,No (I'm not involved in writing funding proposals),Unsuitable,Suitable
2020/10/06 5:29:21 pm GMT,Faculty of Social Sciences,ESRC,Innovation Fellow ,Yes,4,No,,,,,,,,,,No,No (we did NOT expect to write software as part of the project),,
2020/10/06 7:01:01 pm GMT,Faculty of Social Sciences,ESRC,UKRI Innovation Fellow,Yes,3,No,,,,,,,,,,No,No (we did NOT expect to write software as part of the project),,
2020/10/06 8:56:54 pm GMT,Faculty of Social Sciences,ESRC,Senior Lecturer,Yes,3,No,,,,,,,,,,No,Yes,Suitable,Unsuitable
2020/10/07 6:09:45 am GMT,Faculty of Social Sciences,ESRC,Policy Research Associate,Yes,2,No,,,,,,,,,,No,No (we did NOT expect to write software as part of the project),Suitable,Suitable
2020/10/07 7:59:02 am GMT,Faculty of Social Sciences,ESRC,Research Associate,Yes,4,No,,,,,,,,,,No,No (I'm not involved in writing funding proposals),,
2020/10/07 8:10:42 am GMT,Faculty of Social Sciences,ESRC,Senior Lecturer in Quantitative Social Sciences,Yes,5,No,,,,,,,,,,No,No (we did NOT expect to write software as part of the project),Suitable,Unsuitable
2020/10/07 9:05:32 am GMT,Faculty of Social Sciences,ESRC,Senior Research Fellow,Yes,4,No,,,,,,,,,,No,No (we did NOT expect to write software as part of the project),,
2020/10/07 9:43:53 am GMT,Faculty of Social Sciences,EPSRC;ESRC;Leverhulme Trust,Research Associate,Yes,5,Yes,3,No,No,I'm not interested in commercialising my research software,"No, but I would like to use IRIDIS in the future",Confident,Not heard of it,Not heard of it,3,Yes,No (but we DID expect to write software as part of the project),Unsuitable,Suitable
2020/10/07 1:22:58 pm GMT,Faculty of Social Sciences,ESRC,ESRC Research Fellow,No,2,No,,,,,,,,,,No,No (we did NOT expect to write software as part of the project),Unsuitable,Unsuitable
2020/10/07 2:03:27 pm GMT,Faculty of Social Sciences,voluntary and statutory sector organisations,Senior Lecturer in Social Work,Yes,3,No,,,,,,,,,,No,No (but we DID expect to write software as part of the project),Unsuitable,Unsuitable
2020/10/07 4:14:04 pm GMT,Faculty of Social Sciences,AHRC,Research Fellow,No,3,No,,,,,,,,,,No,No (we did NOT expect to write software as part of the project),Suitable,Suitable
2020/10/08 8:42:37 am GMT,Faculty of Social Sciences,"ESRC;British Academy, Leverhulme",Reader in Political Theory,No,1,No,,,,,,,,,,No,No (we did NOT expect to write software as part of the project),Unsuitable,Unsuitable
2020/10/08 8:43:06 am GMT,Faculty of Social Sciences,,Lecturer,Yes,2,No,,,,,,,,,,No,No (I'm not involved in writing funding proposals),Unsuitable,Unsuitable
2020/10/08 8:45:42 am GMT,Faculty of Social Sciences,ESRC,SL,No,2,No,,,,,,,,,,No,No (we did NOT expect to write software as part of the project),Unsuitable,Unsuitable
2020/10/08 8:54:23 am GMT,Faculty of Social Sciences,Leverhulme Trust,Lecturer,Yes,5,Yes,3,No,Yes,No,"No, but I would like to use IRIDIS in the future",Not heard of it,Not heard of it,Not heard of it,1,No,No (but we DID expect to write software as part of the project),Unsuitable,Suitable
2020/10/08 9:18:23 am GMT,Faculty of Social Sciences,ESRC,Lecturer in Criminology and Social Policy,No,2,No,,,,,,,,,,No,No (we did NOT expect to write software as part of the project),Unsuitable,Suitable
2020/10/08 9:22:37 am GMT,Faculty of Social Sciences,British Academy,British Academy Postdoctoral Fellow,No,1,No,,,,,,,,,,No,No (we did NOT expect to write software as part of the project),,
2020/10/08 9:34:57 am GMT,Faculty of Social Sciences,ESRC,research associate,Yes,4,No,,,,,,,,,,No,No (I'm not involved in writing funding proposals),,
2020/10/08 10:00:55 am GMT,Faculty of Social Sciences,ESRC;Leverhulme Trust,Lecturer,Yes,3,No,,,,,,,,,,No,No (we did NOT expect to write software as part of the project),Unsuitable,Unsuitable
2020/10/08 10:04:35 am GMT,Faculty of Social Sciences,ESRC,Postdoctoral Research Associate,Yes,5,No,,,,,,,,,,No,No (I'm not involved in writing funding proposals),Unsuitable,Unsuitable
2020/10/08 10:13:17 am GMT,Faculty of Social Sciences,NERC,Senior Lecturer in Physical Geography,Yes,5,Yes,2,Yes,No,I'm not interested in commercialising my research software,"No, I use other HPC facilities",Not confident,Not heard of it,Not heard of it,4,No,Yes,,Perfect
2020/10/08 10:15:02 am GMT,Faculty of Social Sciences,AHRC,Pos-doctoral fellow,Yes,3,No,,,,,,,,,,No,No (we did NOT expect to write software as part of the project),Unsuitable,Suitable
2020/10/08 10:24:56 am GMT,Faculty of Social Sciences,"ESRC;MRC;NIHR;British Red Cross, FareShare",Sr. Lecturer,Yes,4,No,,,,,,,,,,No,No (we did NOT expect to write software as part of the project),Unsuitable,Perfect
2020/10/08 10:54:38 am GMT,Faculty of Social Sciences,BBSRC;ESRC;Leverhulme,Research Fellow,Yes,3,No,,,,,,,,,,No,No (we did NOT expect to write software as part of the project),Unsuitable,Unsuitable
2020/10/08 11:09:41 am GMT,Faculty of Social Sciences,EPSRC;NERC;Royal Society,Lecturer,Yes,5,Yes,3,No,No,I'm not interested in commercialising my research software,Sharc/Iceberg,Not confident,Not heard of it,Not heard of it,3,No,Yes,Unsuitable,Suitable
2020/10/08 11:19:10 am GMT,Faculty of Social Sciences,NERC,Senior Lecturer,Yes,5,No,,,,,,,,,,No,Yes,Suitable,Perfect
2020/10/08 12:27:13 pm GMT,Faculty of Arts and Humanities,"AHRC;Wellcome Trust;British Academy, ERC",Professor East Asian Cinema.,Yes,3,No,,,,,,,,,,Yes,Yes,Suitable,Suitable
2020/10/08 12:31:25 pm GMT,Faculty of Arts and Humanities,,Lecturer in Korean Studies,Yes,5,No,,,,,,,,,,No,No (we did NOT expect to write software as part of the project),Unsuitable,Unsuitable
2020/10/08 2:11:56 pm GMT,Faculty of Arts and Humanities,Japanese organisations,Senior Lecturer,Yes,4,No,,,,,,,,,,No,No (we did NOT expect to write software as part of the project),Unsuitable,Unsuitable
2020/10/08 3:00:23 pm GMT,Faculty of Social Sciences,STFC,Research Assistant ,Yes,5,No,,,,,,,,,,No,No (we did NOT expect to write software as part of the project),Unsuitable,Suitable
2020/10/08 3:30:51 pm GMT,Faculty of Arts and Humanities,Daiwa Anglo-Japanese Foundation,PhD Candidate,Yes,4,No,,,,,,,,,,No,No (I'm not involved in writing funding proposals),,
2020/10/08 4:08:49 pm GMT,Faculty of Social Sciences,ESRC;MRC;NIHR;Wellcome Trust,Prof of Public health,Yes,4,No,,,,,,,,,,No,Yes,Unsuitable,Unsuitable
2020/10/09 6:51:35 am GMT,Faculty of Science,BBSRC;EPSRC;MRC,Lecturer,Yes,5,No,,,,,,,,,,No,No (we did NOT expect to write software as part of the project),Unsuitable,Suitable
2020/10/09 7:16:06 am GMT,Faculty of Science,EPSRC,Lecturer,Yes,5,Yes,3,No,No,I'm not interested in commercialising my research software,Yes,Very confident,Not confident,Not confident,3,Yes,Yes,Unsuitable,Perfect
2020/10/09 7:38:07 am GMT,Faculty of Science,BBSRC,PGR Student,Yes,5,No,,,,,,,,,,No,No (I'm not involved in writing funding proposals),Suitable,Perfect
2020/10/09 7:57:42 am GMT,Faculty of Science,BBSRC,Doctoral researcher,Yes,5,Yes,3,No,No,I'm not interested in commercialising my research software,"No, but I would like to use ShARC/Bessemer in the future",Not confident,Not confident,Not confident,3,No,No (I'm not involved in writing funding proposals),Unsuitable,Suitable
2020/10/09 8:20:47 am GMT,Faculty of Science,EPSRC,Lecturer,Yes,5,Yes,2,No,No,I'm not interested in commercialising my research software,Yes,Confident,Not heard of it,Not confident,3,No,No (we did NOT expect to write software as part of the project),Unsuitable,Suitable
2020/10/09 8:34:09 am GMT,Faculty of Science,EPSRC;STFC,Research Fellow,Yes,5,Yes,5,No,No,I'm not interested in commercialising my research software,"No, I use other HPC facilities",Very confident,Confident,Confident,1,Yes,Yes,Suitable,Suitable
2020/10/09 11:00:12 am GMT,Faculty of Social Sciences,,LEcturer,Yes,5,No,,,,,,,,,,No,Yes,Unsuitable,Unsuitable
2020/10/09 1:39:05 pm GMT,Faculty of Arts and Humanities,,Lecturer,No,1,No,,,,,,,,,,No,No (we did NOT expect to write software as part of the project),,
2020/10/09 2:38:48 pm GMT,Faculty of Social Sciences,,Lecturer,Yes,4,No,,,,,,,,,,No,No (we did NOT expect to write software as part of the project),Suitable,Unsuitable
2020/10/09 2:40:39 pm GMT,Faculty of Social Sciences,Leverhulme,Professor ,Yes,5,No,,,,,,,,,,No,No (but we DID expect to write software as part of the project),Unsuitable,Suitable
2020/10/09 2:47:52 pm GMT,Faculty of Social Sciences,ESRC,Lecturer,Yes,5,No,,,,,,,,,,No,No (we did NOT expect to write software as part of the project),Unsuitable,Unsuitable
2020/10/09 3:21:23 pm GMT,Faculty of Social Sciences,ESRC;Health foundation; Leverhulme Trust,Professor,Yes,5,No,,,,,,,,,,No,No (we did NOT expect to write software as part of the project),Unsuitable,Unsuitable
2020/10/09 3:59:34 pm GMT,Faculty of Social Sciences,,Senior Lecturer ,Yes,5,No,,,,,,,,,,No,Yes,Unsuitable,Unsuitable
2020/10/09 4:04:33 pm GMT,Faculty of Social Sciences,ESRC,Lecturer,Yes,5,No,,,,,,,,,,No,No (we did NOT expect to write software as part of the project),,
2020/10/09 10:53:08 pm GMT,Faculty of Social Sciences,Government departments,Professor,Yes,5,No,,,,,,,,,,No,No (we did NOT expect to write software as part of the project),Unsuitable,Unsuitable
2020/10/11 5:54:14 pm GMT,Faculty of Social Sciences,MRC;NIHR;Wellcome Trust,Professor,Yes,5,No,,,,,,,,,,No,No (we did NOT expect to write software as part of the project),Unsuitable,Suitable
2020/10/12 8:13:38 am GMT,Faculty of Science,ESRC;Wellcome Trust;Charity funding,Senior Lecturer in Psychology,Yes,5,Yes,1,Yes,No,No,"No, I do not require HPC in my research",Not heard of it,Not heard of it,Not heard of it,2,No,No (we did NOT expect to write software as part of the project),Unsuitable,Unsuitable
2020/10/12 9:26:39 am GMT,Faculty of Social Sciences,ESRC;British Academy / Leverhulme,Senior Lecturer in Economics ,Yes,5,No,,,,,,,,,,No,No (we did NOT expect to write software as part of the project),Unsuitable,Suitable
2020/10/13 8:43:19 am GMT,Faculty of Arts and Humanities,AHRC,Senior Lecturer in Human Osteology,Yes,4,No,,,,,,,,,,No,No (we did NOT expect to write software as part of the project),Suitable,Suitable
2020/10/13 8:44:24 am GMT,Faculty of Arts and Humanities,,Senior Lecturer,No,1,No,,,,,,,,,,No,No (we did NOT expect to write software as part of the project),Unsuitable,Unsuitable
2020/10/13 8:45:11 am GMT,Faculty of Arts and Humanities,"AHRC;AHRC would be my usual funder, but I have not received funds from them...",Senior Lecturer,Yes,3,No,,,,,,,,,,No,No (we did NOT expect to write software as part of the project),Unsuitable,Suitable
2020/10/13 8:47:25 am GMT,Faculty of Arts and Humanities,,Senior Lecturer in ...,No,2,No,,,,,,,,,,No,No (we did NOT expect to write software as part of the project),Unsuitable,Unsuitable
2020/10/13 8:48:07 am GMT,Faculty of Arts and Humanities,NEH,Honorary Research Fellow,No,1,No,,,,,,,,,,No,Yes,,Perfect
2020/10/13 8:50:47 am GMT,Faculty of Arts and Humanities,AHRC,Professor of Electroacoustic Music Composition,Yes,5,Yes,4,Yes,No,No,"No, I do not require HPC in my research",Confident,Not heard of it,Not heard of it,5,No,No (but we DID expect to write software as part of the project),Unsuitable,Suitable
2020/10/13 8:54:06 am GMT,Faculty of Arts and Humanities,none,Professor Emeritus,Yes,2,No,,,,,,,,,,Yes,Yes,Unsuitable,Suitable
2020/10/13 9:04:23 am GMT,Faculty of Arts and Humanities,AHRC,University Teacher,No,1,No,,,,,,,,,,No,No (I'm not involved in writing funding proposals),Unsuitable,Unsuitable
2020/10/13 9:07:37 am GMT,Faculty of Arts and Humanities,,Professor of Applied Linguistics,Yes,4,No,,,,,,,,,,No,No (we did NOT expect to write software as part of the project),Unsuitable,Unsuitable
2020/10/13 9:53:55 am GMT,Faculty of Arts and Humanities,AHRC,Research Associate,Yes,5,No,,,,,,,,,,No,Yes,Unsuitable,Unsuitable
2020/10/13 10:15:57 am GMT,Faculty of Arts and Humanities,AHRC;ESRC,Lecturer,Yes,2,No,,,,,,,,,,No,No (we did NOT expect to write software as part of the project),Unsuitable,Unsuitable
2020/10/13 10:44:00 am GMT,Faculty of Arts and Humanities,AHRC;ESRC;(Currently funded by a specific bequest/trust. Previously AHRC + ESRC.),Research Associate,Yes,4,No,,,,,,,,,,Yes,Yes;No (I'm not involved in writing funding proposals),Unsuitable,Suitable
2020/10/13 11:39:05 am GMT,Faculty of Arts and Humanities,EPSRC,PhD candidate,Yes,5,No,,,,,,,,,,No,No (I'm not involved in writing funding proposals),Unsuitable,Suitable
2020/10/13 12:49:38 pm GMT,Faculty of Arts and Humanities,AHRC,Senior Lecturer,Yes,3,No,,,,,,,,,,No,No (we did NOT expect to write software as part of the project),Suitable,Suitable
2020/10/13 2:47:26 pm GMT,Faculty of Social Sciences,ESRC;government departments,,Yes,4,No,,,,,,,,,,No,No (we did NOT expect to write software as part of the project),,Suitable
2020/10/14 6:26:38 am GMT,Faculty of Science,STFC,Scientific Officer,Yes,5,Yes,4,No,Yes,Yes,Yes,Confident,Confident,Confident,2,Yes,Yes,Suitable,Suitable
2020/10/14 10:53:37 am GMT,Faculty of Social Sciences,NERC,Research Fellow,Yes,5,Yes,2,No,No,No,Yes,Not confident,Not heard of it,Not heard of it,2,No,Yes,Suitable,Perfect
2020/10/14 10:03:40 pm GMT,Faculty of Science,EPSRC,Lecturer,Yes,5,No,,,,,,,,,,No,Yes,Unsuitable,Unsuitable
2020/10/15 9:52:33 am GMT,Faculty of Social Sciences,"AHRC;ESRC;Newton Fund, GCRF ",Lecturer,No,1,No,,,,,,,,,,No,No (we did NOT expect to write software as part of the project),Unsuitable,Suitable
2020/10/15 12:18:04 pm GMT,Faculty of Arts and Humanities,AHRC,Senior Lecturer,No,1,No,,,,,,,,,,No,No (we did NOT expect to write software as part of the project),Unsuitable,Unsuitable
2020/10/19 2:18:04 pm GMT,Faculty of Arts and Humanities,AHRC,Research Fellow,Yes,5,Yes,1,No,No,Yes,Yes,Very confident,Not heard of it,Not heard of it,5,Yes,Yes,Unsuitable,Unsuitable
2020/10/22 3:40:57 pm GMT,Faculty of Social Sciences,"ESRC;EU, Leverhulme Trust",Research Fellow,Yes,4,No,,,,,,,,,,No,No (we did NOT expect to write software as part of the project),Unsuitable,Unsuitable
2020/10/23 6:06:46 am GMT,Faculty of Science,Pathological society,Clinical PhD fellow ,Yes,5,No,,,,,,,,,,No,No (I'm not involved in writing funding proposals),Suitable,Suitable
2020/10/23 6:53:10 am GMT,Faculty of Science,,Visiting Professor,Yes,5,Yes,3,No,No,I'm not interested in commercialising my research software,"No, but I would like to use ShARC/Bessemer in the future",Not confident,Not heard of it,Not confident,1,No,No (I'm not involved in writing funding proposals),,Suitable
2020/10/23 7:58:25 am GMT,Faculty of Science,EPSRC;MRC;Wellcome Trust,Senior Lecturer,Yes,5,Yes,4,Yes,No,No,Yes,Very confident,Not confident,Confident,4,No,No (but we DID expect to write software as part of the project),Suitable,Perfect
2020/10/23 8:50:50 am GMT,Faculty of Science,EPSRC;STFC,honorary research fellow,Yes,5,Yes,4,No,No,I'm not interested in commercialising my research software,"No, I do not require HPC in my research",Confident,Not heard of it,Not heard of it,3,Yes,Yes,Suitable,Unsuitable
2020/10/23 11:17:08 am GMT,Faculty of Science,EPSRC;NERC;ERC,Senior Lecturer,Yes,5,Yes,4,No,No,I'm not interested in commercialising my research software,"No, but I would like to use ShARC/Bessemer in the future",Confident,Not heard of it,Not confident,3,Yes,No (but we DID expect to write software as part of the project),Unsuitable,Suitable
2020/10/23 7:01:40 pm GMT,Faculty of Arts and Humanities,AHRC;Leverhulme,Research fellow,Yes,4,No,,,,,,,,,,No,No (we did NOT expect to write software as part of the project),Unsuitable,Suitable
2020/10/24 8:06:08 am GMT,Faculty of Science,NERC;Royal Society ,Postdoctoral researcher (co-investigator),Yes,5,Yes,2,Yes,No,I'm not interested in commercialising my research software,Yes,Not confident,Not confident,Not heard of it,2,No,No (but we DID expect to write software as part of the project),Unsuitable,Suitable
2020/11/09 12:03:55 pm GMT,English Language Teaching Centre,None,Activities and Educational Visits Coordinator,No,1,No,,,,,,,,,,Yes,No (I'm not involved in writing funding proposals),Suitable,Unsuitable
2020/11/09 12:07:15 pm GMT,Faculty of Engineering,Sheffield Hospitals Charitable Trust,PDRA,Yes,5,No,,,,,,,,,,No,No (I'm not involved in writing funding proposals),Unsuitable,Suitable
2020/11/09 12:07:52 pm GMT,"Faculty of Medicine, Dentistry and Health",MRC;British Heart Foundation;Industry,Professor / BHF Senior Fellow,Yes,5,No,,,,,,,,,,No,No (we did NOT expect to write software as part of the project),Suitable,Perfect
2020/11/09 12:14:46 pm GMT,"Faculty of Medicine, Dentistry and Health",NIHR,Head of Data Management,Yes,5,Yes,3,Yes,No,I'm not interested in commercialising my research software,it's not suitable for risk-bearing data,Confident,Not confident,Confident,1,Yes,Yes,Perfect,Perfect
2020/11/09 12:17:37 pm GMT,"Faculty of Medicine, Dentistry and Health",ESRC;Wellcome Trust;Nuffield Foundation; Leverhulme,Senior Lecturer,Yes,5,No,,,,,,,,,,Yes,Yes,Unsuitable,Perfect
2020/11/09 12:18:09 pm GMT,"Faculty of Medicine, Dentistry and Health",NIHR;Public Health Scotland,Research Associate,Yes,5,No,,,,,,,,,,No,No (I'm not involved in writing funding proposals),Unsuitable,Suitable
2020/11/09 12:20:57 pm GMT,"Faculty of Medicine, Dentistry and Health",MRC;NIHR;Wellcome Trust,Professor of Public Health,Yes,5,Yes,4,No,No,No,Yes,Confident,Not heard of it,Not confident,3,No,No (but we DID expect to write software as part of the project),Unsuitable,Suitable
2020/11/09 12:22:39 pm GMT,Faculty of Science,BBSRC;MRC;Wellcome Trust,Postdoc,Yes,5,No,,,,,,,,,,No,No (I'm not involved in writing funding proposals),,Suitable
2020/11/09 12:23:33 pm GMT,Faculty of Science,BBSRC;MRC;Wellcome Trust;Royal society,Senior Research Fellow,Yes,5,No,,,,,,,,,,No,No (we did NOT expect to write software as part of the project),Unsuitable,Suitable
2020/11/09 12:28:49 pm GMT,Faculty of Engineering,EPSRC,Lecturer,Yes,5,Yes,4,Yes,Yes,No,Yes,Very confident,Not heard of it,Very confident,4,Yes,Yes;No (but we DID expect to write software as part of the project),Suitable,Perfect
2020/11/09 12:31:28 pm GMT,Faculty of Science,BBSRC;EPSRC;MRC;British Heart Foundation;Cancer Research UK;Wellcome Trust,Microscope Facility Manager,Yes,5,No,,,,,,,,,,No,No (we did NOT expect to write software as part of the project),Unsuitable,Perfect
2020/11/09 12:33:35 pm GMT,Faculty of Arts and Humanities,"AHRC;British Academy, Leverhulme Trust",Professor,Yes,5,No,,,,,,,,,,Yes,No (but we DID expect to write software as part of the project),Unsuitable,Suitable
2020/11/09 12:40:39 pm GMT,Faculty of Engineering,EPSRC,Research Associate,Yes,5,No,,,,,,,,,,No,No (I'm not involved in writing funding proposals),Unsuitable,Unsuitable
2020/11/09 12:44:44 pm GMT,Faculty of Social Sciences,EPSRC;ESRC;NERC;Commercial organisations,Lecturer in Management Accounting,Yes,3,No,,,,,,,,,,No,Yes,Unsuitable,Perfect
2020/11/09 12:45:45 pm GMT,Faculty of Engineering,EPSRC,PhD student,Yes,5,No,,,,,,,,,,Yes,No (I'm not involved in writing funding proposals),,
2020/11/09 12:47:46 pm GMT,Faculty of Science,BBSRC;University of Sheffield,PDRA,Yes,5,No,,,,,,,,,,No,No (we did NOT expect to write software as part of the project),Unsuitable,Unsuitable
2020/11/09 12:48:23 pm GMT,Faculty of Science,Almost nothing externally funded in a formal way other than by creating the data,Professor,Yes,5,Yes,3,No,No,I'm not interested in commercialising my research software,"No, but I would like to use ShARC/Bessemer in the future",Not confident,Not heard of it,Not confident,1,No,No (I'm not involved in writing funding proposals),Unsuitable,Unsuitable
2020/11/09 12:49:57 pm GMT,Faculty of Science,BBSRC;Leverhulme trust,Lecturer,Yes,5,No,,,,,,,,,,No,No (but we DID expect to write software as part of the project),Suitable,Perfect
2020/11/09 12:51:09 pm GMT,Faculty of Science,BBSRC;Wellcome Trust;Action on Hearing Loss,Professor of Sensory Neuroscience,Yes,5,No,,,,,,,,,,No,No (we did NOT expect to write software as part of the project),Unsuitable,Suitable
2020/11/09 12:54:23 pm GMT,Faculty of Science,"EPSRC;It's not directly funded, reserachers pay per sample from their grants",Experimental Officer,Yes,5,No,,,,,,,,,,No,No (I'm not involved in writing funding proposals),Unsuitable,Unsuitable
2020/11/09 12:58:11 pm GMT,"Faculty of Medicine, Dentistry and Health",Wellcome Trust,,Yes,4,No,,,,,,,,,,No,Yes,Suitable,Suitable
2020/11/09 12:58:34 pm GMT,Faculty of Science,Wellcome Trust,Research Associate,Yes,5,No,,,,,,,,,,No,No (I'm not involved in writing funding proposals),Unsuitable,Unsuitable
2020/11/09 1:00:48 pm GMT,Faculty of Science,BBSRC;MRC;Wellcome Trust,Professor,Yes,5,No,,,,,,,,,,No,No (we did NOT expect to write software as part of the project),Suitable,Perfect
2020/11/09 1:03:28 pm GMT,"Print & Design Solutions, EFM",Not funded,Print Estimator,No,1,No,,,,,,,,,,No,No (we did NOT expect to write software as part of the project),Unsuitable,Unsuitable
2020/11/09 1:05:21 pm GMT,Faculty of Science,MRC,research fellow ,Yes,5,No,,,,,,,,,,No,No (we did NOT expect to write software as part of the project),Unsuitable,Suitable
2020/11/09 1:11:19 pm GMT,Faculty of Engineering,EPSRC,research associate,Yes,5,No,,,,,,,,,,No,No (I'm not involved in writing funding proposals),Suitable,Suitable
2020/11/09 1:12:35 pm GMT,"Faculty of Medicine, Dentistry and Health",Weston Park Cancer Charity,Research Associate in Thoracic Oncological MR Imaging,Yes,5,Yes,4,Yes,Yes,No,Yes,Confident,Not heard of it,Confident,4,No,No (I'm not involved in writing funding proposals),Suitable,Suitable
2020/11/09 1:13:39 pm GMT,"Faculty of Medicine, Dentistry and Health",BBSRC;MRC;Wellcome Trust;Royal Society,Research Fellow,Yes,5,Yes,3,No,No,I'm not interested in commercialising my research software,"No, but I would like to use ShARC/Bessemer in the future",Confident,Not confident,Not confident,4,No,No (but we DID expect to write software as part of the project),Unsuitable,Suitable
2020/11/09 1:34:36 pm GMT,Faculty of Science,BBSRC;EPSRC;Wellcome Trust,Lecturer,Yes,5,Yes,3,No,No,I'm not interested in commercialising my research software,"I tried but couldn't figure out how to use it, then I was advised it's probably faster just to use my own laptop rather than waiting for the queue on hpc",Confident,Not heard of it,Not heard of it,4,No,No (we did NOT expect to write software as part of the project),Unsuitable,Suitable
2020/11/09 2:09:51 pm GMT,Faculty of Engineering,Conacyt Mexico,PhD Student,Yes,5,No,,,,,,,,,,No,No (I'm not involved in writing funding proposals),Unsuitable,Unsuitable
2020/11/09 2:19:33 pm GMT,Faculty of Engineering,EPSRC;ERC,Professor,Yes,4,Yes,5,Yes,Yes,Yes,Yes,Very confident,Very confident,Very confident,3,No,No (but we DID expect to write software as part of the project),Unsuitable,Suitable
2020/11/09 2:24:58 pm GMT,"Faculty of Medicine, Dentistry and Health",EPSRC,PhD Student,Yes,5,No,,,,,,,,,,Yes,No (I'm not involved in writing funding proposals),Unsuitable,Suitable
2020/11/09 2:42:37 pm GMT,Faculty of Science,Cancer Research UK,Lecturer,Yes,5,No,,,,,,,,,,No,No (we did NOT expect to write software as part of the project),Unsuitable,Suitable
2020/11/09 3:42:18 pm GMT,Faculty of Science,EPSRC,PhD Student,Yes,5,Yes,3,No,Yes,No,Yes,Not confident,Not heard of it,Not confident,1,No,No (I'm not involved in writing funding proposals),Unsuitable,Unsuitable
2020/11/09 3:45:31 pm GMT,Faculty of Engineering,INSIGNEO,PhD Student,Yes,5,No,,,,,,,,,,No,No (I'm not involved in writing funding proposals),Unsuitable,Unsuitable
2020/11/09 4:16:26 pm GMT,Department of Biomedical Science ,,Postdoctoral Researcher ,Yes,5,No,,,,,,,,,,No,No (I'm not involved in writing funding proposals),Suitable,Suitable
2020/11/09 4:18:53 pm GMT,NAMRC,Innovate UK,Industrial adviser,No,2,No,,,,,,,,,,Yes,No (I'm not involved in writing funding proposals),Perfect,Suitable
2020/11/09 4:24:11 pm GMT,Faculty of Science,BBSRC;Wellcome Trust,Research Fellow,Yes,5,Yes,1,No,No,No,"No, I do not require HPC in my research",Not confident,Not heard of it,Not heard of it,1,Yes,No (we did NOT expect to write software as part of the project),Unsuitable,Suitable
2020/11/09 4:51:05 pm GMT,Faculty of Science,BBSRC,Senior Lecturer,Yes,5,No,,,,,,,,,,No,No (we did NOT expect to write software as part of the project),,
2020/11/09 6:05:35 pm GMT,IT Services Research IT Support,,Statistical Support Advisor,Yes,5,No,,,,,,,,,,No,No (we did NOT expect to write software as part of the project),Suitable,Suitable
2020/11/09 7:13:52 pm GMT,"Faculty of Medicine, Dentistry and Health",EPSRC;MRC;NIHR;British Heart Foundation;Wellcome Trust,Research Associate - Software Development,Yes,5,Yes,5,Yes,Yes,Yes,"No, I do not require HPC in my research",Confident,Not confident,Not confident,5,No,Yes,Suitable,Unsuitable
2020/11/10 1:40:12 am GMT,Faculty of Social Sciences,University of Sheffield,Doctoral Associate in Accounting & Finance,Yes,5,No,,,,,,,,,,No,No (we did NOT expect to write software as part of the project),Unsuitable,Unsuitable
2020/11/10 8:35:22 am GMT,"Faculty of Medicine, Dentistry and Health",Various charities,Professor of Orthodontics,No,2,No,,,,,,,,,,No,Yes,Unsuitable,Suitable
2020/11/10 8:43:13 am GMT,"Faculty of Medicine, Dentistry and Health",NIHR;Glaxosmithkline,Professor,Yes,4,No,,,,,,,,,,No,No (we did NOT expect to write software as part of the project),,Perfect
2020/11/10 10:01:07 am GMT,Faculty of Science,BBSRC,Research Technician,Yes,5,No,,,,,,,,,,No,No (I'm not involved in writing funding proposals),Unsuitable,Suitable
2020/11/10 10:17:43 am GMT,Faculty of Social Sciences,AHRC;ESRC,Community Outreach Manager,Yes,4,No,,,,,,,,,,No,No (we did NOT expect to write software as part of the project),Perfect,
2020/11/10 10:19:38 am GMT,"Faculty of Medicine, Dentistry and Health",BBSRC;Bone and Joint research charities,Senior Research Technician,Yes,5,No,,,,,,,,,,No,No (I'm not involved in writing funding proposals),,Suitable
2020/11/10 10:27:38 am GMT,Faculty of Engineering,Private funding,PhD Student,Yes,5,Yes,3,No,No,I'm not interested in commercialising my research software,"No, I do not require HPC in my research",Confident,Not confident,Not confident,4,No,No (I'm not involved in writing funding proposals),Unsuitable,Suitable
2020/11/10 10:30:18 am GMT,Faculty of Engineering,EPSRC,Research Associate,Yes,5,Yes,3,No,No,I'm not interested in commercialising my research software,"No, I do not require HPC in my research",Not confident,Not heard of it,Not heard of it,3,No,Yes,Suitable,Perfect
2020/11/10 10:32:49 am GMT,"Faculty of Medicine, Dentistry and Health",British Heart Foundation,Postdoc,Yes,5,Yes,3,Yes,Yes,No,"No, but I would like to use ShARC/Bessemer in the future",Not confident,Not heard of it,Not confident,4,Yes,No (I'm not involved in writing funding proposals),,
2020/11/10 11:44:36 am GMT,Faculty of Science,BBSRC,Lightsheet Microscope Manager,Yes,5,Yes,3,No,No,I'm not interested in commercialising my research software,"No, but I would like to use ShARC/Bessemer in the future",Confident,Not heard of it,Not heard of it,4,Yes,No (I'm not involved in writing funding proposals),Unsuitable,Suitable
2020/11/10 11:49:44 am GMT,Faculty of Engineering,EPSRC;NERC;EU; Industry; Innovate UK,Research Associate,Yes,5,Yes,3,Yes,No,Yes,"No, I do not require HPC in my research",Confident,Not heard of it,Confident,4,No,No (but we DID expect to write software as part of the project),Unsuitable,Suitable
2020/11/11 9:59:18 am GMT,Faculty of Science,,Research Associate,Yes,5,No,,,,,,,,,,No,No (I'm not involved in writing funding proposals),Unsuitable,Suitable
2020/11/11 3:39:52 pm GMT,"Faculty of Medicine, Dentistry and Health",NIHR;NHS,Medical statistician,Yes,5,No,,,,,,,,,,No,No (I'm not involved in writing funding proposals),Unsuitable,Suitable
2020/11/11 3:40:54 pm GMT,Faculty of Engineering,EPSRC;HVM Catapult,Technical Fellow,Yes,4,No,,,,,,,,,,No,No (we did NOT expect to write software as part of the project),Unsuitable,Suitable
2020/11/11 3:42:31 pm GMT,Faculty of Engineering,NIH (USA),Research Associate,Yes,5,No,,,,,,,,,,No,No (I'm not involved in writing funding proposals),Suitable,Perfect
2020/11/11 3:43:05 pm GMT,Faculty of Engineering,EPSRC,Research Associate,Yes,5,Yes,3,No,Yes,No,Yes,Confident,Confident,Confident,3,Yes,No (I'm not involved in writing funding proposals),Unsuitable,Unsuitable
2020/11/11 3:44:17 pm GMT,Faculty of Engineering,EPSRC;Innovate UK,Technical Fellow,Yes,5,Yes,3,No,Yes,No,"No, I do not require HPC in my research",Confident,Not heard of it,Not heard of it,2,No,No (but we DID expect to write software as part of the project);No (we did NOT expect to write software as part of the project),Suitable,Suitable
2020/11/11 3:46:45 pm GMT,Faculty of Engineering,EPSRC,Research Associate,Yes,5,Yes,4,No,No,No,Yes,Confident,Not confident,Not confident,2,No,No (I'm not involved in writing funding proposals),Unsuitable,Suitable
2020/11/11 3:48:05 pm GMT,Faculty of Engineering,"EPSRC;Innovate UK, H2020, Industry",Research Engineer,Yes,5,Yes,,No,Yes,Yes,"No, I do not require HPC in my research",Confident,Not heard of it,Not confident,4,No,No (but we DID expect to write software as part of the project),Unsuitable,Suitable
2020/11/11 3:49:39 pm GMT,Faculty of Engineering,ERC,Research Fellow,Yes,5,Yes,5,Yes,No,I'm not interested in commercialising my research software,"No, I use other HPC facilities",Confident,Not confident,Confident,4,Yes,Yes,Suitable,Perfect
2020/11/11 3:50:18 pm GMT,Faculty of Engineering,EPSRC,Research Associate,Yes,5,Yes,4,No,Yes,Yes,"No, I do not require HPC in my research",Not confident,Not confident,Not confident,1,No,No (I'm not involved in writing funding proposals),Suitable,Suitable
2020/11/11 3:50:51 pm GMT,Nuclear AMRC,,Manufacturing Engineer,No,1,No,,,,,,,,,,Yes,No (I'm not involved in writing funding proposals),,
2020/11/11 3:52:54 pm GMT,Faculty of Engineering,EPSRC;STFC,PDRA,Yes,5,Yes,3,No,Yes,No,"No, but I would like to use ShARC/Bessemer in the future",Not confident,Not heard of it,Not heard of it,3,No,No (but we DID expect to write software as part of the project),Unsuitable,Unsuitable
2020/11/11 3:54:44 pm GMT,Faculty of Engineering,Pitch-In,Research Assistant,Yes,5,Yes,3,No,No,I'm not interested in commercialising my research software,"No, I do not require HPC in my research",Confident,Not confident,Not confident,4,No,No (I'm not involved in writing funding proposals),Unsuitable,Unsuitable
2020/11/11 3:58:12 pm GMT,Faculty of Engineering,EPSRC,Research Associate,Yes,5,No,,,,,,,,,,No,Yes,Unsuitable,Unsuitable
2020/11/11 3:58:16 pm GMT,Faculty of Engineering,EPSRC;MRC;NIHR,Research Associate,Yes,4,Yes,3,No,Yes,No,Yes,Confident,Not confident,Not confident,3,Yes,No (I'm not involved in writing funding proposals),Unsuitable,Suitable
2020/11/11 4:10:01 pm GMT,Faculty of Engineering,Biopharma companies,Research associate,Yes,5,No,,,,,,,,,,No,No (I'm not involved in writing funding proposals),Unsuitable,Unsuitable
2020/11/11 4:12:29 pm GMT,Faculty of Engineering,EPSRC,Research Associate,Yes,5,Yes,4,No,No,No,"No, but I would like to use ShARC/Bessemer in the future",Not confident,Not heard of it,Not heard of it,3,No,No (I'm not involved in writing funding proposals);No (but we DID expect to write software as part of the project),Unsuitable,Suitable
2020/11/11 4:15:08 pm GMT,Faculty of Engineering,Innovate UK AMRC,Project Manager,Yes,2,No,,,,,,,,,,Yes,Yes,Perfect,Suitable
2020/11/11 4:15:39 pm GMT,Faculty of Engineering,EPSRC,Research Associate,Yes,5,Yes,4,No,Yes,No,Yes,Not confident,Not confident,Confident,3,No,No (I'm not involved in writing funding proposals),Unsuitable,Unsuitable
2020/11/11 4:21:05 pm GMT,AMRC,"EPSRC;Innovate UK, Horizon 2020",Research Engineer,Yes,5,Yes,3,No,Yes,No,"No, I do not require HPC in my research",Not confident,Not confident,Not confident,3,No,Yes,Perfect,Suitable
2020/11/11 4:29:42 pm GMT,Faculty of Engineering,EPSRC;Innovate UK,,Yes,5,No,,,,,,,,,,No,No (we did NOT expect to write software as part of the project),Suitable,Suitable
2020/11/11 4:46:36 pm GMT,Faculty of Engineering,EPSRC;External companies,Research Associate,Yes,5,No,,,,,,,,,,No,No (I'm not involved in writing funding proposals),Suitable,Perfect
2020/11/11 4:54:29 pm GMT,Faculty of Engineering,"EPSRC;Innovate UK, External",Research Associate,Yes,5,No,,,,,,,,,,No,No (but we DID expect to write software as part of the project),Unsuitable,Suitable
2020/11/11 5:25:17 pm GMT,Faculty of Engineering,EPSRC,Research Associate,Yes,5,Yes,3,Yes,No,No,"No, but I would like to use ShARC/Bessemer in the future",Confident,Not heard of it,Not confident,3,No,No (I'm not involved in writing funding proposals),Unsuitable,Suitable
2020/11/11 5:29:19 pm GMT,Faculty of Engineering,EPSRC,Research Associate,Yes,5,Yes,3,Yes,No,I'm not interested in commercialising my research software,"No, I do not require HPC in my research",Not confident,Not heard of it,Not confident,2,No,No (I'm not involved in writing funding proposals),Unsuitable,Unsuitable
2020/11/11 7:43:03 pm GMT,Faculty of Engineering,ATI,Research Associate,Yes,4,Yes,4,Yes,Yes,No,"No, I do not require HPC in my research",Very confident,Not confident,Confident,3,No,No (I'm not involved in writing funding proposals),Unsuitable,Unsuitable
2020/11/11 7:52:47 pm GMT,Faculty of Engineering,EPSRC;MRC,Research Fellow,Yes,5,No,,,,,,,,,,No,No (but we DID expect to write software as part of the project),Unsuitable,Suitable
2020/11/12 12:53:00 am GMT,Faculty of Engineering,EPSRC,Research Associate,Yes,5,Yes,3,No,No,I'm not interested in commercialising my research software,"No, I do not require HPC in my research",Confident,Confident,Confident,2,No,No (I'm not involved in writing funding proposals),Unsuitable,Unsuitable
2020/11/12 8:52:40 am GMT,Faculty of Engineering,"EPSRC;Innovate UK, High Value Manufacturing Catapult, ATI",Technical Fellow,Yes,5,No,,,,,,,,,,No,No (we did NOT expect to write software as part of the project),Unsuitable,Suitable
2020/11/12 9:41:57 am GMT,Faculty of Engineering,EPSRC;MRC,Postdoctoral Research Associate in Robot Navigation,Yes,5,Yes,4,No,No,I'm not interested in commercialising my research software,"not Sheffield's recently, but I used Nottingham and Manchester University's platforms when I was a postdoc there.",Very confident,Not confident,Not confident,4,No,No (but we DID expect to write software as part of the project),Suitable,Perfect
2020/11/12 9:43:15 am GMT,AMRC,Catapult,Project engineer,Yes,4,No,,,,,,,,,,No,No (I'm not involved in writing funding proposals),Suitable,
2020/11/12 10:09:26 am GMT,Faculty of Engineering,EPSRC,Research Associate ,Yes,5,Yes,2,No,No,I'm not interested in commercialising my research software,Yes,Confident,Not confident,Not confident,3,No,No (we did NOT expect to write software as part of the project),Unsuitable,Suitable
2020/11/12 10:55:56 am GMT,AMRC NW,ERDF,Project Engineer,Yes,2,No,,,,,,,,,,No,No (I'm not involved in writing funding proposals),Unsuitable,Unsuitable
2020/11/12 11:30:30 am GMT,Faculty of Engineering,EPSRC,Research Associate,Yes,5,Yes,3,No,No,No,Yes,Confident,Not confident,Not confident,3,No,No (we did NOT expect to write software as part of the project),Unsuitable,Unsuitable
2020/11/12 2:16:20 pm GMT,Faculty of Engineering,EPSRC,PDRA,Yes,3,Yes,3,No,Yes,Yes,May require in future,Confident,Not heard of it,Not heard of it,1,No,No (but we DID expect to write software as part of the project),Perfect,Unsuitable
2020/11/12 2:57:43 pm GMT,Faculty of Arts and Humanities,AHRC,PhD student,Yes,2,No,,,,,,,,,,No,No (we did NOT expect to write software as part of the project),Unsuitable,Unsuitable
2020/11/12 3:08:20 pm GMT,Faculty of Arts and Humanities,,PGR,Yes,5,No,,,,,,,,,,No,No (we did NOT expect to write software as part of the project),Unsuitable,Unsuitable
2020/11/12 3:12:52 pm GMT,Faculty of Arts and Humanities,AHRC,PhD student and Teaching Assistant,No,2,No,,,,,,,,,,No,No (we did NOT expect to write software as part of the project),Unsuitable,Suitable
2020/11/12 3:20:27 pm GMT,Faculty of Arts and Humanities,AHRC,PhD Researcher,Yes,4,No,,,,,,,,,,No,No (we did NOT expect to write software as part of the project),Unsuitable,Suitable
2020/11/12 3:27:17 pm GMT,Faculty of Arts and Humanities,AHRC,PhD Student ,Yes,4,No,,,,,,,,,,No,No (we did NOT expect to write software as part of the project),Suitable,Suitable
2020/11/12 3:31:01 pm GMT,Faculty of Engineering,EPSRC,Research associate in soft tribology,No,3,No,,,,,,,,,,No,No (I'm not involved in writing funding proposals);No (but we DID expect to write software as part of the project),Suitable,Suitable
2020/11/12 3:32:48 pm GMT,Faculty of Arts and Humanities,Self-funded,PhD Student,Yes,4,No,,,,,,,,,,No,No (I'm not involved in writing funding proposals),Suitable,Suitable
2020/11/12 4:16:40 pm GMT,Faculty of Arts and Humanities,AHRC,PhD researcher,Yes,5,No,,,,,,,,,,No,No (we did NOT expect to write software as part of the project),Perfect,Perfect
2020/11/12 4:19:19 pm GMT,Faculty of Arts and Humanities,,Retired lecturer,No,1,No,,,,,,,,,,No,No (I'm not involved in writing funding proposals),Unsuitable,Unsuitable
2020/11/12 4:23:07 pm GMT,Faculty of Arts and Humanities,"National Heritage Lottery Fund, The Peak District National Park, Individual donors, Historic England, Historic Environment Scotland",Field Officer,Yes,5,No,,,,,,,,,,Yes,Yes,Unsuitable,Unsuitable
2020/11/12 4:24:26 pm GMT,Faculty of Arts and Humanities,,Zooarchaeologist,Yes,4,No,,,,,,,,,,No,No (we did NOT expect to write software as part of the project),Unsuitable,Unsuitable
2020/11/12 4:24:32 pm GMT,Faculty of Science,MRC,PhD student,Yes,5,No,,,,,,,,,,No,No (I'm not involved in writing funding proposals),Perfect,Suitable
2020/11/12 4:25:38 pm GMT,Faculty of Science,MRC,PhD student,Yes,4,No,,,,,,,,,,No,No (we did NOT expect to write software as part of the project),Unsuitable,Unsuitable
2020/11/12 4:26:02 pm GMT,Faculty of Science,BBSRC,Postgraduate Researcher,Yes,5,No,,,,,,,,,,No,No (I'm not involved in writing funding proposals),Unsuitable,Suitable
2020/11/12 4:26:04 pm GMT,Faculty of Science,STFC,PhD student,Yes,5,No,,,,,,,,,,No,No (I'm not involved in writing funding proposals),Unsuitable,Suitable
2020/11/12 4:27:14 pm GMT,Faculty of Science,,PhD student,Yes,5,Yes,3,No,No,No,Yes,Confident,Not confident,Not confident,3,No,No (I'm not involved in writing funding proposals),Unsuitable,Suitable
2020/11/12 4:27:18 pm GMT,Faculty of Science,BBSRC;MRC,PDRA,Yes,5,No,,,,,,,,,,No,No (I'm not involved in writing funding proposals),Unsuitable,Perfect
2020/11/12 4:27:28 pm GMT,Faculty of Science,BBSRC,Postdoctoral researcher,Yes,5,No,,,,,,,,,,No,No (I'm not involved in writing funding proposals),Unsuitable,Suitable
2020/11/12 4:28:04 pm GMT,Faculty of Science,ESRC,Research Associate,Yes,5,No,,,,,,,,,,No,No (I'm not involved in writing funding proposals),Unsuitable,Suitable
2020/11/12 4:28:14 pm GMT,Faculty of Science,EPSRC,PhD Student,Yes,5,Yes,2,Yes,No,I'm not interested in commercialising my research software,"No, but I have used HPC at a different university",Not heard of it,Not heard of it,Not heard of it,2,No,No (I'm not involved in writing funding proposals),Unsuitable,Unsuitable
2020/11/12 4:28:37 pm GMT,Faculty of Science,University of Sheffield PGR scholarship,PhD student,Yes,5,No,,,,,,,,,,No,No (I'm not involved in writing funding proposals),Suitable,Suitable
2020/11/12 4:29:40 pm GMT,Faculty of Science,EPSRC,PhD Student,Yes,5,No,,,,,,,,,,No,No (I'm not involved in writing funding proposals),Suitable,Suitable
2020/11/12 4:29:40 pm GMT,Faculty of Science,,PhD Researcher,Yes,5,No,,,,,,,,,,Yes,No (I'm not involved in writing funding proposals),Unsuitable,Perfect
2020/11/12 4:31:09 pm GMT,Faculty of Science,Grantham Institute,PhD,Yes,4,No,,,,,,,,,,Yes,No (I'm not involved in writing funding proposals),,Suitable
2020/11/12 4:31:48 pm GMT,Faculty of Science,EPSRC,PhD student,Yes,4,No,,,,,,,,,,No,No (I'm not involved in writing funding proposals),Unsuitable,Unsuitable
2020/11/12 4:31:51 pm GMT,Faculty of Science,STFC,Postgraduate Research Student in Experimental Particle Physics,Yes,5,Yes,4,No,No,I'm not interested in commercialising my research software,"No, I use other HPC facilities",Confident,Confident,Confident,2,Yes,No (I'm not involved in writing funding proposals),,
2020/11/12 4:31:52 pm GMT,Faculty of Arts and Humanities,AHRC,PhD student,No,2,No,,,,,,,,,,No,No (we did NOT expect to write software as part of the project),Unsuitable,Unsuitable
2020/11/12 4:32:09 pm GMT,Faculty of Science,STFC,Postgraduate student,Yes,5,Yes,3,Yes,No,No,"No, I use other HPC facilities",Very confident,Not confident,Not heard of it,4,No,No (I'm not involved in writing funding proposals),Unsuitable,Unsuitable
2020/11/12 4:32:18 pm GMT,Faculty of Science,,Research Associate,Yes,5,No,,,,,,,,,,No,No (I'm not involved in writing funding proposals),Unsuitable,Suitable
2020/11/12 4:32:53 pm GMT,Faculty of Science,BBSRC;MRC;Royal Society,Research Fellow,Yes,5,No,,,,,,,,,,No,No (we did NOT expect to write software as part of the project),Unsuitable,Perfect
2020/11/12 4:33:19 pm GMT,Faculty of Science,Me,PhD student,Yes,5,Yes,3,No,No,I'm not interested in commercialising my research software,I am unaware of ShARC/Bessemer,Very confident,Not heard of it,Not heard of it,1,No,No (I'm not involved in writing funding proposals),Unsuitable,Unsuitable
2020/11/12 4:33:51 pm GMT,Faculty of Science,The university ,PhD student,Yes,4,No,,,,,,,,,,No,No (I'm not involved in writing funding proposals),Unsuitable,Unsuitable
2020/11/12 4:35:08 pm GMT,Faculty of Arts and Humanities,,Retired,Yes,4,No,,,,,,,,,,No,No (we did NOT expect to write software as part of the project),Unsuitable,Unsuitable
2020/11/12 4:35:19 pm GMT,Faculty of Science,BBSRC;Wellcome Trust,Lecturer,Yes,5,No,,,,,,,,,,No,No (we did NOT expect to write software as part of the project),Unsuitable,Suitable
2020/11/12 4:36:33 pm GMT,Faculty of Science,NERC,PhD Student,Yes,5,No,,,,,,,,,,No,No (I'm not involved in writing funding proposals),Unsuitable,Unsuitable
2020/11/12 4:39:02 pm GMT,Faculty of Science,EPSRC;NERC,Research Associate,Yes,5,Yes,3,No,No,I'm not interested in commercialising my research software,Yes,Not confident,Not heard of it,Not heard of it,3,No,No (but we DID expect to write software as part of the project),Unsuitable,Unsuitable
2020/11/12 4:39:10 pm GMT,Faculty of Arts and Humanities,AHRC,Doctoral Researcher,Yes,5,No,,,,,,,,,,No,No (I'm not involved in writing funding proposals),Unsuitable,Unsuitable
2020/11/12 4:42:12 pm GMT,Faculty of Science,,PhD Student,Yes,5,Yes,3,Yes,No,I'm not interested in commercialising my research software,"No, but I would like to use ShARC/Bessemer in the future",Confident,Confident,Confident,3,No,No (I'm not involved in writing funding proposals),,
2020/11/12 4:42:43 pm GMT,Faculty of Science,BBSRC,PhD student ,Yes,5,No,,,,,,,,,,Yes,No (we did NOT expect to write software as part of the project),Suitable,Perfect
2020/11/12 4:51:53 pm GMT,Faculty of Science,STFC,Research Associate,Yes,5,Yes,4,Yes,Yes,No,"No, I do not require HPC in my research",Very confident,Not confident,Not confident,3,No,Yes,Suitable,Suitable
2020/11/12 4:52:08 pm GMT,Faculty of Science,Indonesian Endowmend Fund for Education,PhD Student,Yes,5,No,,,,,,,,,,Yes,Yes,Unsuitable,Suitable
2020/11/12 4:52:16 pm GMT,Faculty of Science,NERC;University of Sheffield ,PhD Student,Yes,5,No,,,,,,,,,,No,No (I'm not involved in writing funding proposals),Unsuitable,Unsuitable
2020/11/12 4:55:32 pm GMT,Faculty of Science,MRC,PhD Student,Yes,4,No,,,,,,,,,,No,No (I'm not involved in writing funding proposals),Suitable,Perfect
2020/11/12 5:03:48 pm GMT,Faculty of Science,BBSRC;MRC,PhD student,Yes,5,No,,,,,,,,,,Yes,No (I'm not involved in writing funding proposals),Unsuitable,Unsuitable
2020/11/12 5:18:58 pm GMT,Faculty of Science,EPSRC,Research Associate,Yes,5,No,,,,,,,,,,No,No (I'm not involved in writing funding proposals),Unsuitable,Unsuitable
2020/11/12 5:18:58 pm GMT,Faculty of Science,Grantham Centre for Sustainable Futures,PGR student department of Chemistry,Yes,5,Yes,4,Yes,Yes,No,"No, but I would like to use ShARC/Bessemer in the future",Confident,Confident,Not confident,3,No,No (I'm not involved in writing funding proposals),Unsuitable,Unsuitable
2020/11/12 5:21:33 pm GMT,Faculty of Science,EPSRC,PhD Researcher ,Yes,5,No,,,,,,,,,,Yes,No (I'm not involved in writing funding proposals),Unsuitable,Unsuitable
2020/11/12 5:31:30 pm GMT,Faculty of Science,EPSRC,PhD Researcher ,Yes,5,No,,,,,,,,,,No,No (we did NOT expect to write software as part of the project),Unsuitable,Suitable
2020/11/12 5:31:33 pm GMT,Faculty of Arts and Humanities,AHRC,PhD Researcher,Yes,2,No,,,,,,,,,,No,No (I'm not involved in writing funding proposals),Unsuitable,Suitable
2020/11/12 5:35:28 pm GMT,Faculty of Science,"BBSRC;European Research Council, Leverhulme Trust",PostDoc,Yes,4,No,,,,,,,,,,No,No (I'm not involved in writing funding proposals),Unsuitable,Suitable
2020/11/12 5:40:48 pm GMT,Faculty of Science,ESRC,research associate,Yes,5,No,,,,,,,,,,No,No (I'm not involved in writing funding proposals),Unsuitable,Unsuitable
2020/11/12 5:41:25 pm GMT,Faculty of Science,EPSRC,PhD student,Yes,5,No,,,,,,,,,,No,No (I'm not involved in writing funding proposals),Suitable,Unsuitable
2020/11/12 5:45:14 pm GMT,Faculty of Science,Horizon 2002 - MSCA,Phd student - research assistant,Yes,5,No,,,,,,,,,,No,No (I'm not involved in writing funding proposals),Unsuitable,Suitable
2020/11/12 5:51:47 pm GMT,Faculty of Science,Portuguese Science and Technology Foundation (FCT),PhD in Matematics,Yes,5,No,,,,,,,,,,No,No (I'm not involved in writing funding proposals),Unsuitable,Suitable
2020/11/12 5:54:52 pm GMT,Faculty of Science,BBSRC;NERC,Research Fellow,Yes,5,Yes,3,No,Yes,No,Yes,Not confident,Not confident,Not confident,3,No,No (but we DID expect to write software as part of the project),Unsuitable,Suitable
2020/11/12 6:03:59 pm GMT,Faculty of Science,British Heart Foundation,PhD student ,Yes,5,No,,,,,,,,,,No,No (I'm not involved in writing funding proposals),Perfect,Unsuitable
2020/11/12 6:20:11 pm GMT,Faculty of Social Sciences,the university of sheffield ,student ,Yes,5,No,,,,,,,,,,No,No (we did NOT expect to write software as part of the project),Unsuitable,Unsuitable
2020/11/12 6:26:20 pm GMT,Faculty of Science,Grantham Centre for Sustainable Futures,PhD student,Yes,5,No,,,,,,,,,,No,No (I'm not involved in writing funding proposals),Unsuitable,Suitable
2020/11/12 7:01:25 pm GMT,Faculty of Arts and Humanities,AHRC,PhD researcher,Yes,5,No,,,,,,,,,,Yes,No (I'm not involved in writing funding proposals),Unsuitable,Perfect
2020/11/12 8:50:57 pm GMT,Faculty of Science,Saudia government ,PhD student ,Yes,5,No,,,,,,,,,,No,No (we did NOT expect to write software as part of the project),Unsuitable,Unsuitable
2020/11/12 9:50:42 pm GMT,Faculty of Science,GCRF,Postdoc ,Yes,5,No,,,,,,,,,,No,No (we did NOT expect to write software as part of the project),Unsuitable,Unsuitable
2020/11/12 11:11:30 pm GMT,Faculty of Science,,,Yes,5,No,,,,,,,,,,No,No (I'm not involved in writing funding proposals),,
2020/11/13 7:36:36 am GMT,Faculty of Science,,PhD candidate,Yes,5,No,,,,,,,,,,No,No (I'm not involved in writing funding proposals),,
2020/11/13 7:56:02 am GMT,Faculty of Science,,"Ph.d. student, part-time lecturer",Yes,5,No,,,,,,,,,,No,No (we did NOT expect to write software as part of the project),Unsuitable,Unsuitable
2020/11/13 8:16:44 am GMT,Faculty of Science,GCRF,Postdoc ,Yes,5,No,,,,,,,,,,No,No (we did NOT expect to write software as part of the project),Unsuitable,Unsuitable
2020/11/13 8:21:46 am GMT,Faculty of Science,EPSRC,PhD Student,Yes,5,Yes,3,No,No,I'm not interested in commercialising my research software,"No, but I would like to use ShARC/Bessemer in the future",Confident,Not confident,Confident,3,No,No (I'm not involved in writing funding proposals),Unsuitable,Unsuitable
2020/11/13 8:45:35 am GMT,Faculty of Science,EPSRC,PhD student,Yes,5,No,,,,,,,,,,Yes,No (I'm not involved in writing funding proposals),Suitable,Perfect
2020/11/13 8:47:08 am GMT,Faculty of Science,Leverhulme Trust,senior research fellow,Yes,5,Yes,4,Yes,No,I'm not interested in commercialising my research software,Yes,Confident,Not heard of it,Not heard of it,4,Yes,No (I'm not involved in writing funding proposals),Suitable,Suitable
2020/11/13 8:59:00 am GMT,Faculty of Science,self-funded phd student,psychologist,Yes,3,No,,,,,,,,,,No,No (I'm not involved in writing funding proposals),,
2020/11/13 9:28:46 am GMT,Faculty of Science,AWE,PHD student,Yes,4,Yes,3,Yes,No,I'm not interested in commercialising my research software,"No, I use other HPC facilities",Not confident,Not confident,Not confident,3,No,No (I'm not involved in writing funding proposals),Unsuitable,Unsuitable
2020/11/13 9:48:55 am GMT,Faculty of Science,EPSRC,Research associate,Yes,3,Yes,1,No,No,No,"No, I do not require HPC in my research",Not heard of it,Not heard of it,Not heard of it,3,No,No (I'm not involved in writing funding proposals),Unsuitable,Unsuitable
2020/11/13 9:49:35 am GMT,Faculty of Arts and Humanities,AHRC,PhD student,Yes,3,No,,,,,,,,,,No,No (we did NOT expect to write software as part of the project),Unsuitable,Unsuitable
2020/11/13 9:49:36 am GMT,Faculty of Science,STFC,Postdoctoral Research Associate,Yes,5,Yes,3,No,No,No,"No, I use other HPC facilities",Confident,Confident,Confident,3,No,No (I'm not involved in writing funding proposals),Suitable,Unsuitable
2020/11/13 10:10:09 am GMT,Faculty of Science,EPSRC,Research Assistant,Yes,5,No,,,,,,,,,,No,No (I'm not involved in writing funding proposals),Unsuitable,Suitable
2020/11/13 10:17:26 am GMT,Faculty of Science,BBSRC;MRC;Cancer Research UK,Research associate,Yes,4,No,,,,,,,,,,No,No (I'm not involved in writing funding proposals),Unsuitable,Suitable
2020/11/13 10:23:17 am GMT,Faculty of Science,EPSRC,PhD student,No,1,No,,,,,,,,,,No,No (we did NOT expect to write software as part of the project),Unsuitable,Unsuitable
2020/11/13 10:41:47 am GMT,Faculty of Science,EPSRC,PhD student,Yes,5,Yes,3,No,No,I'm not interested in commercialising my research software,"No, I do not require HPC in my research",Confident,Not confident,Not confident,1,No,No (I'm not involved in writing funding proposals),Unsuitable,Unsuitable
2020/11/13 11:07:35 am GMT,Faculty of Engineering,BBSRC;EPSRC;British Council,,Yes,4,No,,,,,,,,,,No,Yes,Unsuitable,Perfect
2020/11/13 11:18:21 am GMT,Faculty of Science,NERC,Postdoctoral Research Associate,Yes,5,No,,,,,,,,,,No,Yes,Suitable,Suitable
2020/11/13 11:32:09 am GMT,Faculty of Science,STFC,PhD Student,Yes,5,Yes,3,No,No,I'm not interested in commercialising my research software,"No, I use other HPC facilities",Not confident,Not heard of it,Not confident,2,No,No (I'm not involved in writing funding proposals),Unsuitable,Unsuitable
2020/11/13 11:39:30 am GMT,Faculty of Science,BBSRC,PDRA,Yes,5,No,,,,,,,,,,Yes,Yes;No (I'm not involved in writing funding proposals),Suitable,Unsuitable
2020/11/13 11:58:31 am GMT,Faculty of Science,EPSRC,PhD Researcher,Yes,5,No,,,,,,,,,,No,No (I'm not involved in writing funding proposals),Unsuitable,Suitable
2020/11/13 1:48:43 pm GMT,Faculty of Science,University,PhD Student,Yes,5,No,,,,,,,,,,No,No (I'm not involved in writing funding proposals),Unsuitable,Suitable
2020/11/13 1:51:05 pm GMT,Faculty of Engineering,Leverhulme trust,Research associate,Yes,5,No,,,,,,,,,,No,No (we did NOT expect to write software as part of the project),,
2020/11/13 2:20:04 pm GMT,AMRC,"CATAPULT, AMRC membership, some grant funding",Project Engineer,Yes,5,Yes,1,No,Yes,No,The need for HPC within my team is growing. There is a HPC being comissioned at AMRC.,Confident,Not heard of it,Not heard of it,,Yes,Yes,,Suitable
2020/11/13 2:20:14 pm GMT,Faculty of Social Sciences,Self funded,PhD Researcher,No,3,No,,,,,,,,,,No,No (I'm not involved in writing funding proposals),Suitable,Suitable
2020/11/13 2:20:42 pm GMT,Faculty of Social Sciences,NIHR,PhD student,Yes,5,No,,,,,,,,,,No,No (I'm not involved in writing funding proposals),,
2020/11/13 2:20:46 pm GMT,Faculty of Social Sciences,ESRC,PhD student,Yes,3,No,,,,,,,,,,No,No (I'm not involved in writing funding proposals),Unsuitable,Unsuitable
2020/11/13 2:25:29 pm GMT,Faculty of Science,EPSRC,researcher,Yes,5,Yes,2,No,No,No,"No, but I would like to use ShARC/Bessemer in the future",Not confident,Not heard of it,Not heard of it,3,Yes,No (but we DID expect to write software as part of the project),,Suitable
2020/11/13 2:28:15 pm GMT,Faculty of Social Sciences,Wellcome Trust,Post-doctoral research associate,Yes,4,No,,,,,,,,,,No,No (we did NOT expect to write software as part of the project),,
2020/11/13 2:28:53 pm GMT,Faculty of Social Sciences,ESRC,Research Associate,Yes,2,No,,,,,,,,,,No,No (we did NOT expect to write software as part of the project),Unsuitable,Suitable
2020/11/13 2:29:47 pm GMT,Faculty of Social Sciences,ESRC,Research Associate,Yes,2,No,,,,,,,,,,No,No (we did NOT expect to write software as part of the project),Unsuitable,Unsuitable
2020/11/13 2:38:03 pm GMT,Faculty of Social Sciences,Grantham Centre for Sustainable Futures,PhD,Yes,5,No,,,,,,,,,,No,No (I'm not involved in writing funding proposals),,Perfect
2020/11/13 2:38:49 pm GMT,Faculty of Social Sciences,STFC;European Research Council,Postdoctoral Research Assistant,Yes,5,No,,,,,,,,,,Yes,No (we did NOT expect to write software as part of the project),Suitable,Suitable
2020/11/13 2:39:21 pm GMT,Faculty of Social Sciences,AHRC;ESRC,Doctoral Researcher,No,2,No,,,,,,,,,,No,No (we did NOT expect to write software as part of the project),Unsuitable,Suitable
2020/11/13 2:44:06 pm GMT,Faculty of Social Sciences,ESRC,Postdoctoral Research Associate,Yes,5,No,,,,,,,,,,No,No (we did NOT expect to write software as part of the project),Suitable,Perfect
2020/11/13 2:46:31 pm GMT,Faculty of Social Sciences,Private,PhD student,Yes,4,Yes,3,No,Yes,Yes,"No, I do not require HPC in my research",Not confident,Not confident,Not heard of it,1,Yes,Yes,Suitable,Suitable
2020/11/13 2:46:41 pm GMT,Faculty of Social Sciences,self-funded,PhD student,Yes,3,No,,,,,,,,,,No,No (I'm not involved in writing funding proposals),Unsuitable,Unsuitable
2020/11/13 2:48:13 pm GMT,Faculty of Social Sciences,EPSRC,Phd student ,Yes,5,No,,,,,,,,,,No,No (I'm not involved in writing funding proposals),Unsuitable,Unsuitable
2020/11/13 2:52:15 pm GMT,Faculty of Social Sciences,ESRC,PhD researcher,Yes,5,No,,,,,,,,,,No,No (we did NOT expect to write software as part of the project),Unsuitable,Suitable
2020/11/13 2:55:29 pm GMT,Faculty of Arts and Humanities,University of Sheffield,PhD researcher,No,1,No,,,,,,,,,,No,No (I'm not involved in writing funding proposals),Unsuitable,Unsuitable
2020/11/13 2:58:26 pm GMT,Faculty of Social Sciences,LPDP,Doctoral Researcher,Yes,3,No,,,,,,,,,,No,No (but we DID expect to write software as part of the project),Unsuitable,Unsuitable
2020/11/13 3:07:53 pm GMT,Faculty of Social Sciences,ESRC,PhD student,No,3,No,,,,,,,,,,No,No (I'm not involved in writing funding proposals),Suitable,
2020/11/13 3:13:11 pm GMT,Management school,ESRC,Research associate,Yes,4,No,,,,,,,,,,No,Yes,Unsuitable,Suitable
2020/11/13 3:18:52 pm GMT,Faculty of Science,EPSRC,PhD student,Yes,5,No,,,,,,,,,,No,No (I'm not involved in writing funding proposals),Unsuitable,Unsuitable
2020/11/13 3:28:05 pm GMT,Faculty of Social Sciences,ESRC,Research Associate,Yes,4,No,,,,,,,,,,No,No (I'm not involved in writing funding proposals),Unsuitable,Suitable
2020/11/13 4:03:21 pm GMT,Faculty of Social Sciences,ESRC,PhD Student,Yes,5,No,,,,,,,,,,No,No (I'm not involved in writing funding proposals),Unsuitable,Suitable
2020/11/13 4:17:26 pm GMT,Faculty of Social Sciences,,PhD student,Yes,5,No,,,,,,,,,,No,No (but we DID expect to write software as part of the project),Perfect,Perfect
2020/11/13 4:18:56 pm GMT,Faculty of Social Sciences,My university and department,PhD Student,Yes,5,No,,,,,,,,,,No,No (I'm not involved in writing funding proposals);No (we did NOT expect to write software as part of the project),Unsuitable,Unsuitable
2020/11/13 5:00:06 pm GMT,Faculty of Social Sciences,ESRC,PhD Student,Yes,4,No,,,,,,,,,,No,No (we did NOT expect to write software as part of the project),Unsuitable,Unsuitable
2020/11/13 5:31:29 pm GMT,Faculty of Social Sciences,Leverhulme Trust,Leverhulme Early Career Fellow,Yes,5,No,,,,,,,,,,No,No (we did NOT expect to write software as part of the project),Unsuitable,Unsuitable
2020/11/13 6:17:07 pm GMT,Faculty of Social Sciences,Wellcome Trust,lecturer,Yes,4,Yes,4,Yes,Yes,Yes,"No, I do not require HPC in my research",Confident,Not confident,Not heard of it,3,Yes,Yes,Suitable,Suitable
2020/11/13 6:23:42 pm GMT,Faculty of Arts and Humanities,AHRC,Phd candidate,Yes,5,No,,,,,,,,,,No,Yes,Unsuitable,Perfect
2020/11/13 6:56:20 pm GMT,Faculty of Social Sciences,World Bank,PhD student,Yes,5,No,,,,,,,,,,No,No (I'm not involved in writing funding proposals),Unsuitable,Unsuitable
2020/11/13 8:28:40 pm GMT,Faculty of Social Sciences,Wellcome Trust;Self-funded,Accountant,Yes,4,No,,,,,,,,,,No,No (we did NOT expect to write software as part of the project),Suitable,Suitable
2020/11/13 9:52:19 pm GMT,Faculty of Social Sciences,AHRC;EPSRC;ESRC;British Academy,Research Associate,No,1,No,,,,,,,,,,No,No (we did NOT expect to write software as part of the project),,
2020/11/14 6:49:16 am GMT,Faculty of Social Sciences,Endeavour Scheme,Head of Department,No,3,No,,,,,,,,,,No,No (we did NOT expect to write software as part of the project),Suitable,Suitable
2020/11/14 4:31:17 pm GMT,Faculty of Science,STFC;University of Sheffield,PhD Research Student,Yes,5,No,,,,,,,,,,No,No (I'm not involved in writing funding proposals),Unsuitable,Unsuitable
2020/11/14 5:01:05 pm GMT,Faculty of Social Sciences,ESRC,PhD student,Yes,2,No,,,,,,,,,,No,No (I'm not involved in writing funding proposals),Unsuitable,Suitable
2020/11/14 6:39:05 pm GMT,Faculty of Engineering,EPSRC,Research Associate,Yes,5,Yes,1,Yes,No,No,"No, I do not require HPC in my research",Not heard of it,Not heard of it,Not heard of it,4,No,No (we did NOT expect to write software as part of the project),Unsuitable,Unsuitable
2020/11/14 7:40:41 pm GMT,Faculty of Social Sciences,STFC,Research Associate,Yes,5,No,,,,,,,,,,No,No (we did NOT expect to write software as part of the project),,
2020/11/15 12:10:37 am GMT,Faculty of Social Sciences,ESRC,Adult education tutor,No,1,No,,,,,,,,,,No,No (I'm not involved in writing funding proposals),Unsuitable,Unsuitable
2020/11/15 8:25:00 pm GMT,Faculty of Science,,PGR,Yes,5,No,,,,,,,,,,No,No (I'm not involved in writing funding proposals),Unsuitable,Suitable
2020/11/16 9:04:08 am GMT,Faculty of Social Sciences,EPSRC;ESRC,Research Associate,Yes,4,No,,,,,,,,,,No,No (I'm not involved in writing funding proposals),Suitable,Suitable
2020/11/16 9:11:40 am GMT,Faculty of Social Sciences,Nuffield Foundation funds my role.,Postdoctoral Research Associate,Yes,3,No,,,,,,,,,,No,No (we did NOT expect to write software as part of the project),,Perfect
2020/11/16 9:32:34 am GMT,Faculty of Arts and Humanities,AHRC,,No,2,No,,,,,,,,,,No,No (I'm not involved in writing funding proposals),Unsuitable,Unsuitable
2020/11/16 9:38:06 am GMT,Faculty of Social Sciences,,Student,Yes,5,No,,,,,,,,,,No,No (I'm not involved in writing funding proposals),Unsuitable,Unsuitable
2020/11/16 10:12:56 am GMT,Faculty of Engineering,EPSRC,PDRA,Yes,5,Yes,3,No,No,No,"No, but I would like to use ShARC/Bessemer in the future",Confident,Not confident,Not heard of it,3,No,No (I'm not involved in writing funding proposals),Unsuitable,Suitable
2020/11/16 12:07:06 pm GMT,Faculty of Science,ESRC,Research Associate (PDRA),Yes,5,No,,,,,,,,,,Yes,Yes,Suitable,Suitable
2020/11/16 12:30:34 pm GMT,Faculty of Science,BBSRC;EPSRC;MRC;British Heart Foundation;Cancer Research UK;Wellcome Trust,Biological mass spectrometry facility manager,Yes,5,No,,,,,,,,,,Yes,No (I'm not involved in writing funding proposals);No (but we DID expect to write software as part of the project);No (we did NOT expect to write software as part of the project),Suitable,Suitable
2020/11/16 1:12:27 pm GMT,Faculty of Social Sciences,Wellcome Trust,Research Associate,Yes,5,No,,,,,,,,,,No,No (we did NOT expect to write software as part of the project),Suitable,Suitable
2020/11/16 3:56:13 pm GMT,Faculty of Engineering,EPSRC,,Yes,5,No,,,,,,,,,,No,No (I'm not involved in writing funding proposals),Suitable,Suitable
2020/11/16 4:59:08 pm GMT,Faculty of Engineering,EPSRC,PhD student,Yes,3,Yes,3,No,Yes,No,"No, I do not require HPC in my research",Confident,Not confident,Not confident,2,No,No (I'm not involved in writing funding proposals),Suitable,Suitable
2020/11/16 4:59:11 pm GMT,Faculty of Engineering,EPSRC,PhD student,Yes,5,No,,,,,,,,,,No,No (I'm not involved in writing funding proposals),Unsuitable,Unsuitable
2020/11/16 4:59:53 pm GMT,Faculty of Engineering,EPSRC,PhD student,Yes,5,No,,,,,,,,,,No,No (I'm not involved in writing funding proposals),Unsuitable,Suitable
2020/11/16 5:01:17 pm GMT,Faculty of Engineering,EPSRC,PhD student,Yes,5,No,,,,,,,,,,No,No (I'm not involved in writing funding proposals),Unsuitable,Unsuitable
2020/11/16 5:01:50 pm GMT,Faculty of Engineering,Self funded,,Yes,4,No,,,,,,,,,,No,No (I'm not involved in writing funding proposals),Unsuitable,Suitable
2020/11/16 5:02:22 pm GMT,Faculty of Engineering,Voicebase,PhD Student,Yes,5,No,,,,,,,,,,No,Yes,Suitable,Suitable
2020/11/16 5:04:55 pm GMT,Faculty of Engineering,EPSRC,RA,Yes,5,No,,,,,,,,,,No,No (but we DID expect to write software as part of the project),Suitable,Suitable
2020/11/16 5:12:50 pm GMT,Faculty of Engineering,EPSRC,PhD student,Yes,5,Yes,3,No,No,I'm not interested in commercialising my research software,"No, but I would like to use ShARC/Bessemer in the future",Confident,Not confident,Confident,3,No,No (I'm not involved in writing funding proposals),Suitable,Suitable
2020/11/16 5:19:34 pm GMT,Faculty of Engineering,EPSRC,EngD Student,Yes,4,Yes,3,Yes,No,I'm not interested in commercialising my research software,"No, I do not require HPC in my research",Not confident,Not heard of it,Not heard of it,4,No,No (I'm not involved in writing funding proposals),Unsuitable,Unsuitable
2020/11/16 5:24:08 pm GMT,Faculty of Social Sciences,AHRC;ESRC,Research Associate,Yes,5,No,,,,,,,,,,No,Yes,Suitable,Suitable
2020/11/16 5:26:11 pm GMT,Faculty of Engineering,EPSRC,PhD Student,Yes,4,Yes,3,No,No,I'm not interested in commercialising my research software,"No, I do not require HPC in my research",Confident,Not heard of it,Not heard of it,3,No,No (I'm not involved in writing funding proposals),Unsuitable,Suitable
2020/11/16 5:27:03 pm GMT,Faculty of Engineering,,PhD student,Yes,5,Yes,3,Yes,No,I'm not interested in commercialising my research software,Yes,Not confident,Not heard of it,Not heard of it,3,No,No (I'm not involved in writing funding proposals),,
2020/11/16 5:31:07 pm GMT,Faculty of Engineering,Midea,PHD,Yes,5,Yes,3,No,No,I'm not interested in commercialising my research software,"No, but I would like to use ShARC/Bessemer in the future",Confident,Confident,Confident,4,No,No (I'm not involved in writing funding proposals),Suitable,Suitable
2020/11/16 5:32:31 pm GMT,Faculty of Engineering,Siemens,PHD,Yes,5,No,,,,,,,,,,No,Yes;No (I'm not involved in writing funding proposals),Perfect,Suitable
2020/11/16 5:37:03 pm GMT,Faculty of Engineering,ESRC,student,Yes,5,Yes,3,No,Yes,No,"No, but I would like to use ShARC/Bessemer in the future",Confident,Not heard of it,Not heard of it,5,No,Yes,Suitable,Suitable
2020/11/16 5:39:43 pm GMT,Faculty of Engineering,BBSRC,PhD Student - Resilience in Decarbonised Energy,Yes,5,No,,,,,,,,,,No,No (I'm not involved in writing funding proposals),Unsuitable,Unsuitable
2020/11/16 5:45:59 pm GMT,Faculty of Engineering,EPSRC,PhD student,Yes,5,Yes,2,No,No,No,Yes,Not confident,Not heard of it,Not heard of it,2,No,No (I'm not involved in writing funding proposals),Unsuitable,Unsuitable
2020/11/16 5:50:15 pm GMT,Faculty of Engineering,EPSRC,PhD Student,Yes,5,No,,,,,,,,,,No,No (but we DID expect to write software as part of the project),Suitable,Suitable
2020/11/16 6:07:54 pm GMT,Faculty of Engineering,EPSRC;Nuclear Decommissioning Authority,Postgraduate Research Student,Yes,4,No,,,,,,,,,,Yes,No (I'm not involved in writing funding proposals),Unsuitable,Perfect
2020/11/16 6:08:02 pm GMT,Faculty of Engineering,EPSRC,PhD student and research assistant,Yes,5,Yes,3,No,Yes,No,"No, but I would like to use ShARC/Bessemer in the future",Not confident,Not heard of it,Not confident,2,No,No (I'm not involved in writing funding proposals),Unsuitable,Suitable
2020/11/16 6:16:05 pm GMT,Faculty of Engineering,,PhD Student,Yes,5,No,,,,,,,,,,Yes,No (but we DID expect to write software as part of the project),Suitable,Perfect
2020/11/16 6:22:13 pm GMT,Faculty of Engineering,EPSRC,PGR,Yes,5,No,,,,,,,,,,No,No (I'm not involved in writing funding proposals),Unsuitable,Suitable
2020/11/16 6:34:15 pm GMT,Faculty of Engineering,EPSRC,PhD Student/Researcher,Yes,4,No,,,,,,,,,,No,No (I'm not involved in writing funding proposals),Unsuitable,Unsuitable
2020/11/16 6:34:19 pm GMT,Faculty of Engineering,UKRI,PhD student,Yes,5,No,,,,,,,,,,No,No (I'm not involved in writing funding proposals),Unsuitable,Unsuitable
2020/11/16 6:37:39 pm GMT,Faculty of Engineering,BBSRC,PhD student,Yes,5,No,,,,,,,,,,No,Yes,Suitable,Perfect
2020/11/16 6:59:45 pm GMT,Faculty of Engineering,EPSRC,PhD student,Yes,5,No,,,,,,,,,,No,No (I'm not involved in writing funding proposals),Unsuitable,Unsuitable
2020/11/16 8:01:15 pm GMT,Faculty of Engineering,ESRC;Rolls Royce,PhD student ,Yes,5,No,,,,,,,,,,No,No (I'm not involved in writing funding proposals),Unsuitable,Suitable
2020/11/16 8:15:36 pm GMT,Faculty of Engineering,Commonwealth Scholarship Commission ,PhD Scholar,Yes,5,No,,,,,,,,,,No,Yes;No (we did NOT expect to write software as part of the project),Unsuitable,Suitable
2020/11/16 8:19:32 pm GMT,Faculty of Engineering,EPSRC,PhD student,Yes,5,No,,,,,,,,,,No,No (I'm not involved in writing funding proposals),Suitable,Perfect
2020/11/16 8:56:18 pm GMT,Faculty of Engineering,EPSRC,,Yes,5,Yes,4,Yes,No,I'm not interested in commercialising my research software,"No, but I would like to use ShARC/Bessemer in the future",Very confident,Confident,Confident,3,No,No (I'm not involved in writing funding proposals),Unsuitable,Unsuitable
2020/11/16 9:00:31 pm GMT,Faculty of Engineering,,,Yes,4,No,,,,,,,,,,No,No (I'm not involved in writing funding proposals),,
2020/11/16 9:00:39 pm GMT,Faculty of Engineering,,,No,3,No,,,,,,,,,,No,No (we did NOT expect to write software as part of the project),Unsuitable,Unsuitable
2020/11/16 9:06:33 pm GMT,Faculty of Engineering,EPSRC,EngD Student,Yes,4,No,,,,,,,,,,No,No (I'm not involved in writing funding proposals),Unsuitable,Unsuitable
2020/11/16 9:16:08 pm GMT,Faculty of Social Sciences,EPSRC;ESRC;NERC,Research Associate,Yes,4,No,,,,,,,,,,No,No (we did NOT expect to write software as part of the project),Unsuitable,Unsuitable
2020/11/16 9:49:31 pm GMT,Faculty of Engineering,EPSRC,PhD Student,Yes,4,Yes,2,No,Yes,No,"No, but I would like to use ShARC/Bessemer in the future",Confident,Not confident,Not confident,3,No,No (I'm not involved in writing funding proposals),Suitable,Suitable
2020/11/16 10:09:52 pm GMT,Faculty of Engineering,Libyan Embassy ,Fire Dynamic ,Yes,5,No,,,,,,,,,,No,No (I'm not involved in writing funding proposals),Unsuitable,Suitable
2020/11/16 10:29:15 pm GMT,Faculty of Engineering,EU (Marie Curie Fellowship),PhD student,Yes,5,No,,,,,,,,,,No,Yes;No (I'm not involved in writing funding proposals),Suitable,Suitable
2020/11/16 11:16:19 pm GMT,Faculty of Social Sciences,Chilean government scholarship,Doctoral researcher,Yes,5,No,,,,,,,,,,No,No (we did NOT expect to write software as part of the project),Unsuitable,Suitable
2020/11/17 12:30:22 am GMT,Faculty of Engineering,NERC;STFC,PhD student,Yes,3,No,,,,,,,,,,No,No (we did NOT expect to write software as part of the project),Unsuitable,Suitable
2020/11/17 2:08:23 am GMT,Faculty of Engineering,EPSRC,PhD,Yes,5,No,,,,,,,,,,No,No (I'm not involved in writing funding proposals),,Suitable
2020/11/17 6:24:20 am GMT,Faculty of Engineering,"Ministry of Higher Education, Research and Innovation, Oman",Lecturer,Yes,5,No,,,,,,,,,,No,No (we did NOT expect to write software as part of the project),Suitable,Suitable
2020/11/17 6:29:27 am GMT,Faculty of Engineering,EPSRC,,Yes,5,No,,,,,,,,,,Yes,No (I'm not involved in writing funding proposals),Perfect,Perfect
2020/11/17 9:10:01 am GMT,Faculty of Engineering,EPSRC,EngD research engineer,Yes,5,No,,,,,,,,,,No,No (I'm not involved in writing funding proposals),Unsuitable,Unsuitable
2020/11/17 9:12:54 am GMT,Faculty of Engineering,EPSRC;Industry sponsor,PhD student,Yes,5,No,,,,,,,,,,No,No (I'm not involved in writing funding proposals),Perfect,Suitable
2020/11/17 9:40:27 am GMT,Faculty of Engineering,EPSRC,PhD Student ,Yes,3,No,,,,,,,,,,No,No (I'm not involved in writing funding proposals),Unsuitable,Suitable
2020/11/17 9:58:23 am GMT,Faculty of Engineering,EPSRC,PhD Student,Yes,4,Yes,3,Yes,No,No,"No, I do not require HPC in my research",Not confident,Not heard of it,Not confident,4,No,No (I'm not involved in writing funding proposals),Unsuitable,Suitable
2020/11/17 10:06:17 am GMT,Faculty of Engineering,EPSRC,Senior Design and Development Engineer,Yes,2,Yes,2,No,Yes,No,"No, I use other HPC facilities",Confident,Not heard of it,Not heard of it,3,No,No (I'm not involved in writing funding proposals),Unsuitable,Suitable
2020/11/17 10:10:30 am GMT,Faculty of Science,BBSRC;Wellcome Trust,Research Associate,Yes,5,Yes,3,No,No,No,Yes,Not confident,Not confident,Not confident,,No,No (but we DID expect to write software as part of the project),,Suitable
2020/11/17 10:52:49 am GMT,Faculty of Engineering,EPSRC,PGR Student,Yes,5,Yes,3,Yes,No,No,"No, but I would like to use ShARC/Bessemer in the future",Confident,Not confident,Not confident,4,No,No (I'm not involved in writing funding proposals),Unsuitable,Suitable
2020/11/17 10:56:40 am GMT,Faculty of Social Sciences,ESRC,Research Associate,Yes,4,No,,,,,,,,,,No,No (I'm not involved in writing funding proposals),Unsuitable,Unsuitable
2020/11/17 11:21:02 am GMT,Faculty of Engineering,co funduded by university of sheffield ,Phd student,Yes,5,Yes,3,No,Yes,No,"No, I use other HPC facilities",Not heard of it,Not confident,Not heard of it,2,No,No (but we DID expect to write software as part of the project),Unsuitable,Suitable
2020/11/17 11:35:42 am GMT,Faculty of Engineering,EPSRC,PhD Student,Yes,3,No,,,,,,,,,,No,No (I'm not involved in writing funding proposals),Unsuitable,Suitable
2020/11/17 12:03:17 pm GMT,Faculty of Engineering,EPSRC,PhD Student,Yes,5,No,,,,,,,,,,Yes,No (I'm not involved in writing funding proposals),Unsuitable,Suitable
2020/11/17 2:29:35 pm GMT,Faculty of Engineering,EPSRC,PhD student,Yes,3,No,,,,,,,,,,No,No (I'm not involved in writing funding proposals),Unsuitable,Suitable
2020/11/17 2:51:55 pm GMT,Faculty of Engineering,,Student,Yes,5,Yes,3,No,No,I'm not interested in commercialising my research software,Yes,Confident,Not confident,Not confident,4,No,Yes,Unsuitable,Unsuitable
2020/11/17 5:03:13 pm GMT,Faculty of Engineering,EPSRC,PhD Student,Yes,5,No,,,,,,,,,,No,No (I'm not involved in writing funding proposals),Suitable,Suitable
2020/11/17 6:05:42 pm GMT,Faculty of Engineering,International sponser,maintenance engineer,Yes,5,No,,,,,,,,,,No,No (we did NOT expect to write software as part of the project),Unsuitable,Perfect
2020/11/17 8:17:34 pm GMT,Faculty of Engineering,CONACYT,PhD Biomaterials and Regenerative Medicine,No,3,No,,,,,,,,,,No,No (I'm not involved in writing funding proposals);No (we did NOT expect to write software as part of the project),Unsuitable,Suitable
2020/11/17 9:35:36 pm GMT,Faculty of Engineering,EPSRC,PhD research student,Yes,2,No,,,,,,,,,,No,No (I'm not involved in writing funding proposals),Unsuitable,Unsuitable
2020/11/18 9:13:19 am GMT,Faculty of Engineering,My Employer,Senior robotics and controls engineer,No,4,No,,,,,,,,,,No,Yes,Suitable,Suitable
2020/11/18 10:30:58 am GMT,Faculty of Engineering,EPSRC,PhD student,Yes,4,No,,,,,,,,,,No,No (I'm not involved in writing funding proposals),Unsuitable,Suitable
2020/11/18 11:58:24 am GMT,Faculty of Social Sciences,,PhD candidate ,Yes,5,No,,,,,,,,,,No,No (I'm not involved in writing funding proposals),Perfect,Perfect
2020/11/19 10:02:53 am GMT,Faculty of Engineering,EPSRC,Research Associate,Yes,5,Yes,5,No,Yes,Yes,Yes,Very confident,Very confident,Very confident,2,No,No (I'm not involved in writing funding proposals),,
2020/11/19 11:50:16 am GMT,"Faculty of Medicine, Dentistry and Health",EPSRC,PhD Student,Yes,5,No,,,,,,,,,,No,No (I'm not involved in writing funding proposals),Unsuitable,Unsuitable
2020/11/20 10:06:10 am GMT,Faculty of Engineering,,PGR,Yes,5,No,,,,,,,,,,No,No (I'm not involved in writing funding proposals);No (we did NOT expect to write software as part of the project),Suitable,Suitable
2020/11/22 7:07:11 pm GMT,Faculty of Social Sciences,ESRC,Research Associate,Yes,4,No,,,,,,,,,,No,No (we did NOT expect to write software as part of the project),Unsuitable,Suitable
2020/11/27 12:28:09 pm GMT,"Faculty of Medicine, Dentistry and Health",NIHR,Information Specialist,Yes,4,No,,,,,,,,,,Yes,Yes,Unsuitable,Suitable
2020/11/27 12:35:59 pm GMT,Faculty of Engineering,EPSRC;innovate UK,Lecturer,Yes,5,Yes,4,No,Yes,No,"No, I use other HPC facilities",Not confident,Not heard of it,Not confident,3,No,No (but we DID expect to write software as part of the project),Unsuitable,Suitable
2020/11/27 1:16:52 pm GMT,"Faculty of Medicine, Dentistry and Health",MRC,Research Software Engineer,Yes,5,Yes,5,Yes,Yes,Yes,"No, but I would like to use ShARC/Bessemer in the future",Very confident,Very confident,Very confident,4,Yes,No (I'm not involved in writing funding proposals),Suitable,Suitable
2020/11/27 1:17:30 pm GMT,Faculty of Science,STFC,Research Fellow,Yes,5,Yes,5,No,No,I'm not interested in commercialising my research software,Yes,Very confident,Confident,Confident,2,Yes,No (but we DID expect to write software as part of the project),Suitable,Suitable
2020/11/27 1:28:16 pm GMT,"Faculty of Medicine, Dentistry and Health",MRC;NIHR,Data Architect,Yes,5,Yes,3,No,No,I'm not interested in commercialising my research software,ShARC/Bessemer do not meet the IG requirements of our data suppliers,Confident,Not confident,Confident,2,Yes,Yes;No (I'm not involved in writing funding proposals),Unsuitable,Suitable
2020/11/27 3:36:29 pm GMT,Faculty of Science,BBSRC;EPSRC;MRC,Lecturer in Bioinformatics,Yes,5,Yes,4,Yes,No,I'm not interested in commercialising my research software,Yes,Very confident,Confident,Not confident,2,No,No (but we DID expect to write software as part of the project),Unsuitable,Suitable
2020/11/27 5:02:37 pm GMT,Faculty of Engineering,EPSRC;industry,Reader,Yes,5,No,,,,,,,,,,No,No (we did NOT expect to write software as part of the project),Unsuitable,Unsuitable
2020/11/30 9:48:59 am GMT,Faculty of Engineering,EPSRC,Research Associate,Yes,5,Yes,4,No,No,I'm not interested in commercialising my research software,Yes,Confident,Not confident,Not confident,3,No,No (I'm not involved in writing funding proposals),Unsuitable,Suitable
2020/11/27 5:02:37 pm GMT,Faculty of Engineering,EPSRC;industry,Reader,Yes,5,No,,,,,,,,,,No,No (we did NOT expect to write software as part of the project),Unsuitable,Unsuitable
2020/11/30 9:48:59 am GMT,Faculty of Engineering,EPSRC,Research Associate,Yes,5,Yes,4,No,No,I'm not interested in commercialising my research software,Yes,Confident,Not confident,Not confident,3,No,No (I'm not involved in writing funding proposals),Unsuitable,Suitable
